2021-12-28 15:52:58, 31.0712
2021-12-28 15:52:25, 31.0712
2021-12-28 15:51:17, 31.0903
2021-12-28 15:50:11, 31.0615
2021-12-28 15:48:13, 30.9935
2021-12-28 15:47:31, 30.919
2021-12-28 15:46:24, 30.7573
2021-12-28 15:45:13, 30.7426
2021-12-28 15:43:53, 30.7002
2021-12-28 15:42:15, 30.6582
2021-12-28 15:41:11, 30.9183
2021-12-28 15:39:46, 30.8416
2021-12-28 15:39:14, 30.8416
2021-12-28 15:37:58, 31.3134
2021-12-28 15:36:53, 31.5489
2021-12-28 15:36:21, 31.5489
2021-12-28 15:35:16, 31.6575
2021-12-28 15:34:35, 31.8541
2021-12-28 15:33:44, 32.4962
2021-12-28 15:32:33, 32.7468
2021-12-28 15:31:16, 32.7292
2021-12-28 15:29:54, 33.2032
2021-12-28 15:29:15, 33.2032
2021-12-28 15:27:50, 33.5267
2021-12-28 15:26:34, 33.1781
2021-12-28 15:25:19, 33.1613
2021-12-28 15:24:11, 33.131
2021-12-28 15:22:55, 32.5088
2021-12-28 15:22:28, 32.5088
2021-12-28 15:21:24, 32.2799
2021-12-28 15:19:57, 31.9371
2021-12-28 15:19:23, 31.678
2021-12-28 15:17:45, 30.8057
2021-12-28 15:16:44, 30.8601
2021-12-28 15:13:55, 30.184
2021-12-28 15:12:38, 29.9281
2021-12-28 15:09:57, 30.239
2021-12-28 15:08:48, 30.1622
2021-12-28 15:07:24, 30.1195
2021-12-28 15:06:14, 30.1071
2021-12-28 15:04:45, 30.0902
2021-12-28 15:04:02, 30.0902
2021-12-28 15:01:58, 30.1215
2021-12-28 15:01:24, 29.9163
2021-12-28 15:00:16, 29.7092
2021-12-28 14:58:45, 29.6938
2021-12-28 14:57:58, 29.6938
2021-12-28 14:56:57, 29.7642
2021-12-28 14:55:45, 29.9275
2021-12-28 14:55:01, 29.9275
2021-12-28 14:54:01, 29.9032
2021-12-28 14:53:31, 29.9062
2021-12-28 14:52:34, 29.9496
2021-12-28 14:51:17, 29.9005
2021-12-28 14:49:57, 29.9497
2021-12-28 14:49:25, 29.9257
2021-12-28 14:48:02, 30.0348
2021-12-28 14:46:49, 29.8963
2021-12-28 14:46:17, 29.8963
2021-12-28 14:45:12, 29.8137
2021-12-28 14:43:45, 29.7187
2021-12-28 14:43:01, 29.7187
2021-12-28 14:40:56, 29.937
2021-12-28 14:40:16, 29.9575
2021-12-28 14:39:09, 29.957
2021-12-28 14:37:55, 29.9526
2021-12-28 14:37:32, 30.5057
2021-12-28 14:36:23, 30.5137
2021-12-28 14:34:53, 30.6199
2021-12-28 14:34:21, 30.8726
2021-12-28 14:33:15, 31.5987
2021-12-28 14:31:49, 31.9625
2021-12-28 14:30:59, 31.9625
2021-12-28 14:29:42, 32.3769
2021-12-28 14:27:35, 32.1863
2021-12-28 14:25:59, 32.5016
2021-12-28 14:24:27, 32.5306
2021-12-28 14:22:28, 31.7336
2021-12-28 14:20:47, 31.2546
2021-12-28 14:19:39, 31.0133
2021-12-28 14:17:51, 30.8869
2021-12-28 14:16:41, 30.3408
2021-12-28 14:15:15, 30.2346
2021-12-28 14:14:37, 30.0446
2021-12-28 14:13:19, 29.8926
2021-12-28 14:12:00, 29.8245
2021-12-28 14:10:29, 30.197
2021-12-28 14:08:45, 30.0938
2021-12-28 14:07:52, 30.0938
2021-12-28 14:06:31, 30.1742
2021-12-28 14:05:35, 30.187
2021-12-28 14:04:20, 30.2694
2021-12-28 14:03:26, 30.2473
2021-12-28 14:02:37, 30.1566
2021-12-28 14:01:23, 30.0212
2021-12-28 13:59:50, 29.884
2021-12-28 13:59:17, 30.0512
2021-12-28 13:58:10, 30.0176
2021-12-28 13:56:37, 30.1529
2021-12-28 13:54:55, 30.1935
2021-12-28 13:53:45, 30.1857
2021-12-28 13:53:02, 30.2895
2021-12-28 13:52:01, 30.3313
2021-12-28 13:50:45, 30.3562
2021-12-28 13:49:51, 30.4083
2021-12-28 13:47:58, 30.4256
2021-12-28 13:47:27, 30.3811
2021-12-28 13:46:22, 30.3896
2021-12-28 13:45:41, 30.4559
2021-12-28 13:44:40, 30.5435
2021-12-28 13:43:22, 30.6521
2021-12-28 13:41:23, 31.2749
2021-12-28 13:40:17, 31.5125
2021-12-28 13:38:47, 31.8375
2021-12-28 13:37:31, 32.9585
2021-12-28 13:36:09, 33.2214
2021-12-28 13:34:48, 33.5289
2021-12-28 13:34:15, 33.7211
2021-12-28 13:32:49, 34.3961
2021-12-28 13:31:40, 34.4458
2021-12-28 13:30:32, 34.4662
2021-12-28 13:29:42, 34.4662
2021-12-28 13:28:40, 33.9861
2021-12-28 13:27:28, 33.2927
2021-12-28 13:25:54, 33.2514
2021-12-28 13:24:42, 32.8891
2021-12-28 13:23:25, 32.3194
2021-12-28 13:22:17, 32.209
2021-12-28 13:21:35, 31.8206
2021-12-28 13:20:24, 31.4778
2021-12-28 13:19:15, 31.3023
2021-12-28 13:17:58, 31.2299
2021-12-28 13:17:29, 31.1044
2021-12-28 13:16:22, 30.7863
2021-12-28 13:15:29, 30.6657
2021-12-28 13:14:36, 30.4082
2021-12-28 13:13:22, 30.0237
2021-12-28 13:12:41, 29.8111
2021-12-28 13:11:28, 30.0485
2021-12-28 13:10:17, 30.1155
2021-12-28 13:08:56, 30.1237
2021-12-28 13:07:25, 30.0055
2021-12-28 13:05:59, 29.965
2021-12-28 13:04:35, 29.9332
2021-12-28 13:01:15, 29.7626
2021-12-28 12:59:31, 29.6149
2021-12-28 12:58:07, 29.7221
2021-12-28 12:56:27, 29.8408
2021-12-28 12:54:58, 29.8909
2021-12-28 12:54:26, 29.8876
2021-12-28 12:53:20, 29.9767
2021-12-28 12:52:10, 29.8645
2021-12-28 12:50:50, 29.8687
2021-12-28 12:50:16, 29.8056
2021-12-28 12:49:12, 29.9451
2021-12-28 12:48:31, 29.8565
2021-12-28 12:47:26, 29.8398
2021-12-28 12:46:14, 29.8323
2021-12-28 12:44:57, 29.751
2021-12-28 12:44:25, 29.7855
2021-12-28 12:43:27, 29.6999
2021-12-28 12:41:48, 29.8389
2021-12-28 12:40:30, 30.0984
2021-12-28 12:39:26, 30.0676
2021-12-28 12:38:35, 30.0524
2021-12-28 12:37:29, 30.4892
2021-12-28 12:36:25, 30.4857
2021-12-28 12:35:16, 30.5001
2021-12-28 12:33:56, 30.445
2021-12-28 12:33:20, 30.8951
2021-12-28 12:31:53, 30.7436
2021-12-28 12:30:31, 30.3009
2021-12-28 12:29:31, 30.2898
2021-12-28 12:28:14, 30.2473
2021-12-28 12:25:45, 30.0227
2021-12-28 12:24:39, 30.156
2021-12-28 12:23:19, 29.8557
2021-12-28 12:21:55, 29.956
2021-12-28 12:20:15, 29.9842
2021-12-28 12:19:39, 29.9842
2021-12-28 12:18:28, 29.8717
2021-12-28 12:17:36, 29.463
2021-12-28 12:16:44, 29.463
2021-12-28 12:15:25, 29.0246
2021-12-28 12:13:30, 28.5842
2021-12-28 12:12:40, 28.5842
2021-12-28 12:11:29, 28.5687
2021-12-28 12:10:20, 28.3841
2021-12-28 12:09:01, 28.2398
2021-12-28 12:07:54, 28.0665
2021-12-28 12:07:20, 28.061
2021-12-28 12:06:14, 27.9619
2021-12-28 12:05:38, 27.8893
2021-12-28 12:04:27, 27.7762
2021-12-28 12:03:15, 27.6515
2021-12-28 12:01:58, 27.5103
2021-12-28 12:01:22, 27.2571
2021-12-28 11:59:57, 27.2144
2021-12-28 11:58:45, 27.1753
2021-12-28 11:58:12, 27.2245
2021-12-28 11:57:12, 27.2256
2021-12-28 11:56:24, 27.1543
2021-12-28 11:55:34, 27.1543
2021-12-28 11:54:19, 27.1699
2021-12-28 11:53:33, 27.1699
2021-12-28 11:52:41, 27.1987
2021-12-28 11:51:18, 27.1368
2021-12-28 11:49:50, 27.1143
2021-12-28 11:49:16, 27.0117
2021-12-28 11:48:00, 26.9092
2021-12-28 11:45:57, 26.9134
2021-12-28 11:45:23, 26.8591
2021-12-28 11:44:14, 26.8306
2021-12-28 11:43:43, 26.8306
2021-12-28 11:42:11, 27.1079
2021-12-28 11:39:59, 27.6048
2021-12-28 11:39:27, 27.8275
2021-12-28 11:38:11, 28.0176
2021-12-28 11:37:42, 28.0176
2021-12-28 11:36:23, 28.6451
2021-12-28 11:35:41, 28.6451
2021-12-28 11:34:35, 28.6514
2021-12-28 11:33:31, 28.7482
2021-12-28 11:32:44, 29.0848
2021-12-28 11:31:43, 29.0076
2021-12-28 11:30:20, 28.6867
2021-12-28 11:28:42, 28.5773
2021-12-28 11:27:37, 28.2227
2021-12-28 11:26:19, 27.6439
2021-12-28 11:24:36, 27.6184
2021-12-28 11:23:40, 27.3911
2021-12-28 11:22:23, 26.8792
2021-12-28 11:21:28, 26.582
2021-12-28 11:20:31, 26.582
2021-12-28 11:18:46, 26.1835
2021-12-28 11:17:35, 26.2686
2021-12-28 11:15:47, 25.8409
2021-12-28 11:14:32, 25.6924
2021-12-28 11:13:18, 25.1516
2021-12-28 11:11:48, 25.2373
2021-12-28 11:10:34, 25.3378
2021-12-28 11:09:15, 25.2159
2021-12-28 11:07:56, 25.0681
2021-12-28 11:06:31, 24.8437
2021-12-28 11:05:28, 24.7499
2021-12-28 11:04:40, 24.6703
2021-12-28 11:03:42, 24.6624
2021-12-28 11:02:31, 24.6848
2021-12-28 11:00:00, 24.0102
2021-12-28 10:59:27, 24.0102
2021-12-28 10:57:58, 24.019
2021-12-28 10:56:40, 24.1741
2021-12-28 10:55:19, 24.2168
2021-12-28 10:53:58, 24.1178
2021-12-28 10:53:24, 24.1178
2021-12-28 10:52:19, 23.886
2021-12-28 10:50:45, 23.8323
2021-12-28 10:50:10, 23.9626
2021-12-28 10:48:57, 23.8726
2021-12-28 10:48:26, 23.8726
2021-12-28 10:47:18, 23.813
2021-12-28 10:45:49, 23.4768
2021-12-28 10:45:00, 23.402
2021-12-28 10:42:45, 23.3777
2021-12-28 10:40:46, 23.5324
2021-12-28 10:39:25, 23.5009
2021-12-28 10:37:55, 23.2464
2021-12-28 10:36:36, 23.5477
2021-12-28 10:35:01, 23.5719
2021-12-28 10:34:30, 23.5719
2021-12-28 10:33:28, 23.5295
2021-12-28 10:32:43, 23.8358
2021-12-28 10:31:41, 23.4432
2021-12-28 10:30:20, 23.2638
2021-12-28 10:28:48, 23.1362
2021-12-28 10:27:37, 23.1882
2021-12-28 10:25:25, 23.0043
2021-12-28 10:24:00, 22.9263
2021-12-28 10:23:30, 22.9263
2021-12-28 10:22:14, 22.689
2021-12-28 10:20:57, 22.7315
2021-12-28 10:19:26, 22.6624
2021-12-28 10:18:40, 22.6536
2021-12-28 10:17:27, 22.3974
2021-12-28 10:16:19, 22.2174
2021-12-28 10:14:59, 22.037
2021-12-28 10:13:46, 21.9236
2021-12-28 10:13:10, 21.6989
2021-12-28 10:11:57, 21.7657
2021-12-28 10:10:52, 21.7208
2021-12-28 10:10:20, 21.7208
2021-12-28 10:09:12, 21.6433
2021-12-28 10:07:59, 21.506
2021-12-28 10:07:32, 21.506
2021-12-28 10:06:21, 21.3285
2021-12-28 10:04:52, 21.0427
2021-12-28 10:04:20, 21.0427
2021-12-28 10:03:11, 20.7895
2021-12-28 10:02:39, 20.762
2021-12-28 10:01:24, 20.5083
2021-12-28 10:00:01, 20.3226
2021-12-28 09:58:56, 20.326
2021-12-28 09:58:26, 20.326
2021-12-28 09:57:19, 20.3092
2021-12-28 09:56:43, 20.2447
2021-12-28 09:55:42, 20.2046
2021-12-28 09:54:24, 20.2581
2021-12-28 09:53:18, 20.2834
2021-12-28 09:52:43, 20.2835
2021-12-28 09:51:39, 20.154
2021-12-28 09:50:37, 20.1389
2021-12-28 09:49:19, 19.9461
2021-12-28 09:47:58, 20.0566
2021-12-28 09:47:33, 20.0566
2021-12-28 09:46:27, 20.2888
2021-12-28 09:44:46, 20.5086
2021-12-28 09:44:13, 20.5086
2021-12-28 09:43:00, 20.6877
2021-12-28 09:41:46, 21.1429
2021-12-28 09:40:53, 21.324
2021-12-28 09:38:57, 21.5897
2021-12-28 09:38:26, 21.5752
2021-12-28 09:37:19, 21.5525
2021-12-28 09:35:45, 21.5106
2021-12-28 09:34:51, 21.4469
2021-12-28 09:33:39, 21.3174
2021-12-28 09:32:33, 21.6192
2021-12-28 09:30:45, 21.1922
2021-12-28 09:29:39, 21.057
2021-12-28 09:28:25, 20.7599
2021-12-28 09:26:58, 20.2746
2021-12-28 09:25:32, 20.2578
2021-12-28 09:24:35, 20.1912
2021-12-28 09:23:35, 19.9974
2021-12-28 09:22:18, 20.1009
2021-12-28 09:20:45, 20.4333
2021-12-28 09:19:59, 20.4333
2021-12-28 09:18:56, 21.2338
2021-12-28 09:17:54, 21.6486
2021-12-28 09:17:19, 21.6486
2021-12-28 09:14:59, 22.6896
2021-12-28 09:11:42, 23.6769
2021-12-28 09:10:39, 23.7639
2021-12-28 09:09:24, 23.6897
2021-12-28 09:07:59, 23.7138
2021-12-28 09:06:41, 23.357
2021-12-28 09:04:32, 22.6517
2021-12-28 09:03:13, 22.5206
2021-12-28 09:02:34, 22.3967
2021-12-28 09:01:39, 22.1041
2021-12-28 09:00:23, 21.8334
2021-12-28 08:58:48, 21.7214
2021-12-28 08:58:13, 21.7214
2021-12-28 08:57:01, 21.8849
2021-12-28 08:55:45, 21.9934
2021-12-28 08:54:59, 21.9934
2021-12-28 08:54:00, 21.9455
2021-12-28 08:52:54, 21.8569
2021-12-28 08:52:25, 21.8192
2021-12-28 08:51:23, 21.9287
2021-12-28 08:49:45, 22.1566
2021-12-28 08:49:07, 22.1566
2021-12-28 08:47:57, 22.1097
2021-12-28 08:46:45, 21.8213
2021-12-28 08:46:00, 21.8213
2021-12-28 08:45:00, 21.7038
2021-12-28 08:43:48, 21.8065
2021-12-28 08:43:16, 21.8065
2021-12-28 08:42:13, 21.9233
2021-12-28 08:40:46, 21.9222
2021-12-28 08:40:10, 21.9222
2021-12-28 08:38:59, 21.5913
2021-12-28 08:37:46, 21.5569
2021-12-28 08:37:14, 21.5569
2021-12-28 08:36:01, 21.8608
2021-12-28 08:34:53, 21.6663
2021-12-28 08:34:22, 21.6663
2021-12-28 08:33:15, 21.6339
2021-12-28 08:32:30, 21.4435
2021-12-28 08:31:44, 21.0711
2021-12-28 08:30:22, 20.9011
2021-12-28 08:29:34, 20.989
2021-12-28 08:28:43, 20.9222
2021-12-28 08:27:29, 20.8814
2021-12-28 08:26:18, 20.6986
2021-12-28 08:25:40, 20.5356
2021-12-28 08:23:47, 20.7045
2021-12-28 08:23:14, 20.6353
2021-12-28 08:22:12, 20.6824
2021-12-28 08:20:31, 20.8158
2021-12-28 08:16:21, 20.7883
2021-12-28 08:14:57, 21.0418
2021-12-28 08:14:23, 21.1954
2021-12-28 08:13:15, 21.3106
2021-12-28 08:11:53, 21.3812
2021-12-28 08:10:24, 21.6965
2021-12-28 08:09:16, 21.5161
2021-12-28 08:08:38, 21.4676
2021-12-28 08:07:35, 21.3858
2021-12-28 08:06:18, 21.2057
2021-12-28 08:04:59, 20.9248
2021-12-28 08:04:30, 20.4398
2021-12-28 08:03:20, 20.2906
2021-12-28 08:01:45, 20.0602
2021-12-28 08:00:25, 19.8229
2021-12-28 07:59:15, 19.7607
2021-12-28 07:58:35, 19.7203
2021-12-28 07:57:26, 19.6611
2021-12-28 07:56:17, 19.7347
2021-12-28 07:54:45, 19.8087
2021-12-28 07:53:55, 20.0878
2021-12-28 07:52:50, 20.2039
2021-12-28 07:51:29, 20.5354
2021-12-28 07:50:13, 20.5115
2021-12-28 07:48:58, 20.7215
2021-12-28 07:48:31, 20.8564
2021-12-28 07:47:17, 21.0231
2021-12-28 07:46:39, 21.0231
2021-12-28 07:45:29, 20.9956
2021-12-28 07:42:27, 20.8276
2021-12-28 07:40:42, 21.0735
2021-12-28 07:39:42, 21.2786
2021-12-28 07:38:22, 21.2079
2021-12-28 07:36:28, 21.0127
2021-12-28 07:34:57, 21.1959
2021-12-28 07:33:37, 21.4175
2021-12-28 07:32:15, 22.1145
2021-12-28 07:30:48, 22.2721
2021-12-28 07:29:36, 22.4329
2021-12-28 07:27:55, 22.5253
2021-12-28 07:26:34, 22.5348
2021-12-28 07:23:45, 22.2977
2021-12-28 07:21:45, 20.9116
2021-12-28 07:20:43, 20.3332
2021-12-28 07:18:45, 19.6217
2021-12-28 07:17:16, 19.2126
2021-12-28 07:15:38, 18.9692
2021-12-28 07:14:10, 18.3439
2021-12-28 07:12:40, 17.9258
2021-12-28 07:11:39, 17.8369
2021-12-28 07:10:16, 17.2488
2021-12-28 07:08:47, 16.6497
2021-12-28 07:08:14, 16.164
2021-12-28 07:06:59, 15.657
2021-12-28 07:05:45, 15.1896
2021-12-28 07:04:57, 14.557
2021-12-28 07:03:45, 14.2371
2021-12-28 07:02:47, 14.0436
2021-12-28 07:00:29, 13.2257
2021-12-28 06:59:14, 13.1701
2021-12-28 06:57:58, 13.1245
2021-12-28 06:57:38, 13.1245
2021-12-28 06:56:28, 13.1658
2021-12-28 06:54:59, 13.2458
2021-12-28 06:54:34, 13.2458
2021-12-28 06:53:21, 13.251
2021-12-28 06:51:59, 13.1877
2021-12-28 06:51:12, 13.1678
2021-12-28 06:50:09, 13.1577
2021-12-28 06:48:45, 13.1121
2021-12-28 06:47:58, 13.1117
2021-12-28 06:46:55, 13.031
2021-12-28 06:46:20, 12.9908
2021-12-28 06:45:13, 12.9386
2021-12-28 06:43:58, 12.9305
2021-12-28 06:43:34, 12.9305
2021-12-28 06:42:23, 13.049
2021-12-28 06:40:59, 13.1792
2021-12-28 06:40:37, 13.1792
2021-12-28 06:39:24, 13.1959
2021-12-28 06:38:33, 13.2084
2021-12-28 06:37:44, 13.1583
2021-12-28 06:36:24, 13.1151
2021-12-28 06:34:59, 13.26
2021-12-28 06:34:26, 13.26
2021-12-28 06:32:57, 13.5254
2021-12-28 06:31:44, 13.6158
2021-12-28 06:30:34, 13.7014
2021-12-28 06:28:58, 14.0991
2021-12-28 06:27:28, 14.1934
2021-12-28 06:25:49, 14.3344
2021-12-28 06:24:12, 14.3561
2021-12-28 06:22:34, 14.1107
2021-12-28 06:19:46, 13.4601
2021-12-28 06:18:20, 13.296
2021-12-28 06:14:49, 12.4773
2021-12-28 06:13:22, 12.3948
2021-12-28 06:11:35, 12.3943
2021-12-28 06:09:50, 12.3367
2021-12-28 06:08:41, 12.1123
2021-12-28 06:07:15, 11.9553
2021-12-28 06:05:50, 11.7086
2021-12-28 06:04:26, 11.6396
2021-12-28 06:02:57, 11.4385
2021-12-28 06:01:34, 11.1415
2021-12-28 06:00:00, 10.7951
2021-12-28 05:58:47, 10.7204
2021-12-28 05:58:15, 10.7204
2021-12-28 05:57:09, 10.7216
2021-12-28 05:55:56, 10.7602
2021-12-28 05:55:23, 10.7602
2021-12-28 05:54:20, 10.7292
2021-12-28 05:53:01, 10.7956
2021-12-28 05:51:45, 10.8145
2021-12-28 05:50:58, 10.8115
2021-12-28 05:49:52, 10.8338
2021-12-28 05:48:45, 10.844
2021-12-28 05:47:56, 10.8083
2021-12-28 05:46:45, 10.784
2021-12-28 05:45:56, 10.8472
2021-12-28 05:44:45, 10.8608
2021-12-28 05:43:55, 10.8007
2021-12-28 05:42:52, 10.8082
2021-12-28 05:42:10, 10.8082
2021-12-28 05:40:57, 11.084
2021-12-28 05:39:07, 11.0242
2021-12-28 05:37:57, 11.046
2021-12-28 05:37:28, 11.046
2021-12-28 05:36:22, 11.1972
2021-12-28 05:34:47, 11.29
2021-12-28 05:32:55, 11.4367
2021-12-28 05:31:31, 11.3307
2021-12-28 05:30:32, 11.3328
2021-12-28 05:29:35, 11.5171
2021-12-28 05:28:22, 11.6061
2021-12-28 05:27:30, 11.5545
2021-12-28 05:26:35, 11.4236
2021-12-28 05:25:21, 11.3943
2021-12-28 05:23:59, 11.2501
2021-12-28 05:23:37, 11.2501
2021-12-28 05:22:26, 11.1016
2021-12-28 05:21:36, 10.8645
2021-12-28 05:20:26, 10.7569
2021-12-28 05:19:18, 10.5973
2021-12-28 05:18:01, 10.5082
2021-12-28 05:16:55, 10.5079
2021-12-28 05:16:19, 10.5079
2021-12-28 05:15:12, 10.3657
2021-12-28 05:14:31, 10.3355
2021-12-28 05:13:24, 10.2348
2021-12-28 05:12:13, 10.2884
2021-12-28 05:11:37, 10.5764
2021-12-28 05:10:31, 10.7314
2021-12-28 05:08:55, 10.8327
2021-12-28 05:07:39, 10.9066
2021-12-28 05:05:57, 11.1175
2021-12-28 05:04:28, 11.213
2021-12-28 05:02:57, 11.5788
2021-12-28 05:01:37, 11.5242
2021-12-28 04:58:46, 11.4758
2021-12-28 04:57:36, 11.4898
2021-12-28 04:55:52, 11.581
2021-12-28 04:54:26, 11.6387
2021-12-28 04:52:37, 11.5334
2021-12-28 04:50:50, 11.7295
2021-12-28 04:49:19, 12.2462
2021-12-28 04:47:41, 14.5928
2021-12-28 04:46:40, 15.9281
2021-12-28 04:45:21, 17.3545
2021-12-28 04:44:36, 18.5811
2021-12-28 04:43:26, 19.9852
2021-12-28 04:42:18, 21.3441
2021-12-28 04:40:45, 23.9802
2021-12-28 04:40:13, 23.9802
2021-12-28 04:39:07, 24.8146
2021-12-28 04:37:59, 25.231
2021-12-28 04:37:24, 25.1875
2021-12-28 04:36:14, 25.1981
2021-12-28 04:35:12, 25.0505
2021-12-28 04:34:34, 25.0122
2021-12-28 04:33:25, 24.799
2021-12-28 04:32:18, 24.7831
2021-12-28 04:31:33, 24.6065
2021-12-28 04:30:21, 24.5328
2021-12-28 04:29:07, 24.5109
2021-12-28 04:28:44, 24.531
2021-12-28 04:27:30, 24.654
2021-12-28 04:26:01, 24.8149
2021-12-28 04:25:30, 24.9919
2021-12-28 04:24:19, 25.2798
2021-12-28 04:23:36, 24.9744
2021-12-28 04:22:25, 24.5937
2021-12-28 04:21:16, 24.2325
2021-12-28 04:19:52, 23.3846
2021-12-28 04:17:51, 22.6412
2021-12-28 04:17:17, 22.6412
2021-12-28 04:16:14, 22.14
2021-12-28 04:14:46, 21.7695
2021-12-28 04:13:56, 21.7695
2021-12-28 04:12:00, 22.2764
2021-12-28 04:11:27, 22.6625
2021-12-28 04:10:19, 22.9658
2021-12-28 04:09:00, 23.0693
2021-12-28 04:08:30, 23.1953
2021-12-28 04:07:18, 23.3061
2021-12-28 04:05:54, 23.4764
2021-12-28 04:05:20, 23.1739
2021-12-28 04:04:15, 23.0664
2021-12-28 04:02:53, 22.9825
2021-12-28 04:02:19, 22.8775
2021-12-28 04:01:11, 22.6746
2021-12-28 03:59:45, 22.738
2021-12-28 03:58:58, 22.738
2021-12-28 03:57:56, 22.7837
2021-12-28 03:56:46, 22.6702
2021-12-28 03:55:58, 22.6702
2021-12-28 03:54:57, 22.7299
2021-12-28 03:53:46, 22.7373
2021-12-28 03:53:12, 22.7373
2021-12-28 03:52:13, 22.7198
2021-12-28 03:50:48, 22.5181
2021-12-28 03:50:13, 22.5181
2021-12-28 03:49:00, 22.5266
2021-12-28 03:47:45, 22.3844
2021-12-28 03:47:00, 22.3844
2021-12-28 03:45:57, 22.4144
2021-12-28 03:44:53, 22.336
2021-12-28 03:44:19, 22.2312
2021-12-28 03:43:09, 22.2114
2021-12-28 03:41:45, 22.4064
2021-12-28 03:41:10, 22.4064
2021-12-28 03:39:59, 22.4908
2021-12-28 03:39:38, 22.4596
2021-12-28 03:38:19, 22.5202
2021-12-28 03:37:29, 22.4494
2021-12-28 03:36:29, 22.5869
2021-12-28 03:35:17, 22.6053
2021-12-28 03:34:00, 22.6396
2021-12-28 03:32:32, 22.8333
2021-12-28 03:31:11, 22.9448
2021-12-28 03:29:42, 23.2199
2021-12-28 03:28:43, 23.2233
2021-12-28 03:27:27, 23.2354
2021-12-28 03:26:01, 23.0052
2021-12-28 03:24:50, 23.1522
2021-12-28 03:24:14, 23.324
2021-12-28 03:23:02, 23.5191
2021-12-28 03:21:51, 23.6136
2021-12-28 03:21:19, 23.4726
2021-12-28 03:20:12, 23.6453
2021-12-28 03:18:55, 23.6938
2021-12-28 03:18:22, 23.7976
2021-12-28 03:17:14, 24.0631
2021-12-28 03:15:46, 24.4396
2021-12-28 03:14:12, 24.3559
2021-12-28 03:13:33, 24.1865
2021-12-28 03:12:40, 24.0054
2021-12-28 03:11:17, 24.0945
2021-12-28 03:09:58, 24.022
2021-12-28 03:09:32, 23.9346
2021-12-28 03:08:23, 23.7786
2021-12-28 03:07:29, 23.6281
2021-12-28 03:06:26, 23.3876
2021-12-28 03:05:17, 23.1595
2021-12-28 03:04:00, 23.1003
2021-12-28 03:02:46, 22.9478
2021-12-28 03:02:10, 22.9478
2021-12-28 02:59:45, 22.6659
2021-12-28 02:57:51, 22.5989
2021-12-28 02:57:19, 22.5139
2021-12-28 02:56:16, 22.4982
2021-12-28 02:54:59, 22.2734
2021-12-28 02:54:29, 22.1505
2021-12-28 02:53:10, 22.0906
2021-12-28 02:51:32, 21.9388
2021-12-28 02:50:20, 21.9568
2021-12-28 02:49:10, 21.9239
2021-12-28 02:47:49, 21.9048
2021-12-28 02:47:14, 21.7489
2021-12-28 02:46:13, 22.0893
2021-12-28 02:44:45, 22.6277
2021-12-28 02:43:54, 21.9459
2021-12-28 02:41:57, 20.8521
2021-12-28 02:41:33, 20.5689
2021-12-28 02:40:23, 19.9515
2021-12-28 02:39:36, 19.1575
2021-12-28 02:38:33, 18.5708
2021-12-28 02:37:28, 18.1967
2021-12-28 02:36:40, 18.1967
2021-12-28 02:35:33, 16.3626
2021-12-28 02:34:28, 16.6274
2021-12-28 02:33:42, 16.7411
2021-12-28 02:32:41, 16.7411
2021-12-28 02:31:26, 15.4064
2021-12-28 02:29:49, 14.9123
2021-12-28 02:28:39, 14.1014
2021-12-28 02:26:59, 13.4973
2021-12-28 02:25:39, 12.474
2021-12-28 02:23:53, 11.9166
2021-12-28 02:22:22, 11.2893
2021-12-28 02:20:53, 11.3562
2021-12-28 02:20:19, 11.1368
2021-12-28 02:18:58, 10.8198
2021-12-28 02:16:45, 10.1017
2021-12-28 02:15:59, 9.7581
2021-12-28 02:14:59, 9.4439
2021-12-28 02:13:46, 9.0684
2021-12-28 02:13:00, 8.9295
2021-12-28 02:11:01, 8.4384
2021-12-28 02:10:26, 8.4453
2021-12-28 02:09:19, 8.3836
2021-12-28 02:08:41, 8.3836
2021-12-28 02:07:41, 8.4328
2021-12-28 02:06:26, 8.4228
2021-12-28 02:05:13, 8.5115
2021-12-28 02:04:30, 8.5374
2021-12-28 02:03:25, 8.4598
2021-12-28 02:02:11, 8.4024
2021-12-28 02:00:50, 8.5166
2021-12-28 02:00:11, 8.9411
2021-12-28 01:59:00, 9.51
2021-12-28 01:57:45, 10.0096
2021-12-28 01:57:01, 10.5225
2021-12-28 01:56:00, 11.056
2021-12-28 01:54:51, 11.5827
2021-12-28 01:54:18, 12.168
2021-12-28 01:53:15, 12.7349
2021-12-28 01:52:41, 12.7349
2021-12-28 01:51:22, 13.3747
2021-12-28 01:49:58, 12.6989
2021-12-28 01:48:59, 12.0096
2021-12-28 01:47:48, 11.2696
2021-12-28 01:47:15, 10.6104
2021-12-28 01:46:08, 9.9699
2021-12-28 01:44:57, 9.1337
2021-12-28 01:44:27, 8.3578
2021-12-28 01:43:18, 7.6467
2021-12-28 01:41:58, 7.0345
2021-12-28 01:41:21, 6.6452
2021-12-28 01:40:15, 6.6237
2021-12-28 01:39:01, 6.5634
2021-12-28 01:38:43, 6.5634
2021-12-28 01:37:15, 6.564
2021-12-28 01:36:01, 6.4696
2021-12-28 01:34:50, 6.5457
2021-12-28 01:33:28, 6.5039
2021-12-28 01:30:46, 6.1969
2021-12-28 01:29:23, 6.2064
2021-12-28 01:27:49, 6.2795
2021-12-28 01:26:38, 6.3029
2021-12-28 01:24:45, 6.2874
2021-12-28 01:23:43, 6.2902
2021-12-28 01:22:21, 6.3662
2021-12-28 01:21:02, 6.3041
2021-12-28 01:19:57, 6.3651
2021-12-28 01:19:23, 6.3358
2021-12-28 01:18:19, 6.2753
2021-12-28 01:16:50, 6.2863
2021-12-28 01:16:17, 6.3488
2021-12-28 01:15:13, 6.2949
2021-12-28 01:13:57, 6.3406
2021-12-28 01:13:24, 6.329
2021-12-28 01:12:17, 6.5119
2021-12-28 01:11:37, 6.5119
2021-12-28 01:10:28, 6.8295
2021-12-28 01:09:23, 6.8058
2021-12-28 01:07:45, 6.7849
2021-12-28 01:06:33, 6.7459
2021-12-28 01:05:13, 6.7904
2021-12-28 01:04:39, 6.7904
2021-12-28 01:03:17, 6.6958
2021-12-28 01:00:56, 6.3716
2021-12-28 01:00:11, 6.2159
2021-12-28 00:59:08, 6.2496
2021-12-28 00:57:50, 6.2519
2021-12-28 00:55:49, 6.2525
2021-12-28 00:55:16, 6.2604
2021-12-28 00:54:12, 6.3096
2021-12-28 00:52:50, 6.3356
2021-12-28 00:51:59, 6.3736
2021-12-28 00:49:56, 6.353
2021-12-28 00:49:24, 6.3094
2021-12-28 00:48:16, 6.3395
2021-12-28 00:46:45, 6.4508
2021-12-28 00:45:59, 6.5561
2021-12-28 00:44:58, 6.4984
2021-12-28 00:43:49, 6.4945
2021-12-28 00:43:18, 6.7249
2021-12-28 00:42:12, 6.9439
2021-12-28 00:40:48, 7.3324
2021-12-28 00:40:13, 7.4616
2021-12-28 00:39:02, 7.6036
2021-12-28 00:37:54, 7.7656
2021-12-28 00:37:22, 7.8082
2021-12-28 00:36:16, 7.8349
2021-12-28 00:34:59, 8.0106
2021-12-28 00:34:25, 8.0203
2021-12-28 00:33:21, 7.9361
2021-12-28 00:32:36, 7.9361
2021-12-28 00:31:32, 7.8597
2021-12-28 00:30:40, 7.627
2021-12-28 00:29:40, 7.7691
2021-12-28 00:28:27, 8.0035
2021-12-28 00:27:17, 8.1355
2021-12-28 00:25:46, 8.2926
2021-12-28 00:24:59, 8.3562
2021-12-28 00:23:55, 8.3754
2021-12-28 00:22:53, 8.2656
2021-12-28 00:22:21, 8.1471
2021-12-28 00:21:12, 8.0077
2021-12-28 00:19:46, 7.8071
2021-12-28 00:19:00, 7.7513
2021-12-28 00:17:55, 7.738
2021-12-28 00:16:00, 7.7518
2021-12-28 00:15:43, 7.7518
2021-12-28 00:14:32, 7.6569
2021-12-28 00:13:33, 7.6569
2021-12-28 00:12:25, 7.7188
2021-12-28 00:11:01, 7.9545
2021-12-28 00:09:31, 7.8638
2021-12-28 00:07:49, 7.0679
2021-12-28 00:06:35, 6.6681
2021-12-28 00:05:22, 6.0554
2021-12-28 00:04:02, 6.187
2021-12-28 00:02:57, 6.0189
2021-12-28 00:02:25, 6.0189
2021-12-28 00:01:17, 5.5991
2021-12-27 23:59:45, 5.5351
2021-12-27 23:58:58, 5.5161
2021-12-27 23:57:53, 5.5981
2021-12-27 23:56:46, 5.8173
2021-12-27 23:56:00, 5.9993
2021-12-27 23:55:02, 6.1867
2021-12-27 23:53:59, 6.0549
2021-12-27 23:53:30, 6.0549
2021-12-27 23:52:22, 6.3327
2021-12-27 23:50:59, 6.5257
2021-12-27 23:49:45, 6.6097
2021-12-27 23:48:59, 6.7763
2021-12-27 23:47:56, 6.866
2021-12-27 23:46:46, 6.8227
2021-12-27 23:46:15, 6.8075
2021-12-27 23:44:59, 6.8025
2021-12-27 23:43:45, 7.0671
2021-12-27 23:43:10, 7.1454
2021-12-27 23:42:01, 7.2744
2021-12-27 23:40:45, 7.3277
2021-12-27 23:40:02, 7.5708
2021-12-27 23:39:01, 7.5692
2021-12-27 23:37:46, 7.6078
2021-12-27 23:37:12, 7.5883
2021-12-27 23:35:22, 7.8335
2021-12-27 23:34:37, 7.8721
2021-12-27 23:33:38, 7.6696
2021-12-27 23:32:22, 7.6275
2021-12-27 23:31:00, 7.7433
2021-12-27 23:29:28, 7.6865
2021-12-27 23:28:38, 8.0575
2021-12-27 23:27:36, 8.1507
2021-12-27 23:26:21, 8.4245
2021-12-27 23:25:33, 8.2952
2021-12-27 23:24:24, 8.4404
2021-12-27 23:23:16, 8.2641
2021-12-27 23:22:26, 8.0202
2021-12-27 23:21:29, 8.0202
2021-12-27 23:20:19, 7.8865
2021-12-27 23:19:00, 7.3512
2021-12-27 23:18:27, 7.3512
2021-12-27 23:17:20, 7.4118
2021-12-27 23:15:53, 7.3564
2021-12-27 23:14:34, 7.3408
2021-12-27 23:13:16, 9.3861
2021-12-27 23:11:45, 10.4546
2021-12-27 23:10:57, 11.3257
2021-12-27 23:09:55, 11.9949
2021-12-27 23:08:45, 12.0558
2021-12-27 23:08:09, 12.0541
2021-12-27 23:07:07, 12.0476
2021-12-27 23:05:46, 12.0819
2021-12-27 23:05:13, 12.1369
2021-12-27 23:04:10, 11.1734
2021-12-27 23:02:53, 10.5573
2021-12-27 23:02:21, 10.5573
2021-12-27 23:01:10, 9.1111
2021-12-27 22:59:51, 8.751
2021-12-27 22:59:22, 8.751
2021-12-27 22:58:16, 9.0517
2021-12-27 22:56:55, 9.2123
2021-12-27 22:56:27, 9.2123
2021-12-27 22:55:01, 9.1679
2021-12-27 22:53:59, 9.211
2021-12-27 22:52:54, 9.2446
2021-12-27 22:52:26, 9.2446
2021-12-27 22:50:45, 9.6078
2021-12-27 22:49:18, 9.6962
2021-12-27 22:48:00, 9.8665
2021-12-27 22:46:47, 10.3249
2021-12-27 22:46:16, 10.3249
2021-12-27 22:45:13, 10.7125
2021-12-27 22:43:46, 10.8715
2021-12-27 22:43:00, 11.019
2021-12-27 22:41:52, 11.2241
2021-12-27 22:40:45, 11.3309
2021-12-27 22:40:00, 11.2885
2021-12-27 22:38:57, 11.1986
2021-12-27 22:37:46, 11.1572
2021-12-27 22:37:10, 10.9496
2021-12-27 22:35:56, 10.8755
2021-12-27 22:34:56, 11.0834
2021-12-27 22:34:29, 11.0834
2021-12-27 22:33:23, 11.2191
2021-12-27 22:32:26, 11.5229
2021-12-27 22:31:33, 11.5229
2021-12-27 22:30:19, 11.695
2021-12-27 22:29:33, 12.1468
2021-12-27 22:28:24, 12.6088
2021-12-27 22:27:14, 12.7602
2021-12-27 22:25:53, 13.0612
2021-12-27 22:25:21, 13.0612
2021-12-27 22:24:10, 12.9697
2021-12-27 22:22:56, 12.6919
2021-12-27 22:22:24, 12.6919
2021-12-27 22:21:21, 12.6838
2021-12-27 22:20:36, 12.3687
2021-12-27 22:19:26, 12.1341
2021-12-27 22:18:16, 12.1528
2021-12-27 22:16:45, 12.3948
2021-12-27 22:14:45, 12.0621
2021-12-27 22:13:55, 12.1495
2021-12-27 22:12:25, 12.693
2021-12-27 22:11:27, 12.693
2021-12-27 22:10:22, 13.1215
2021-12-27 22:08:50, 13.382
2021-12-27 22:08:17, 13.1079
2021-12-27 22:07:16, 13.1079
2021-12-27 22:05:45, 13.5031
2021-12-27 22:05:06, 13.7638
2021-12-27 22:03:53, 13.9955
2021-12-27 22:02:50, 14.1923
2021-12-27 22:02:19, 14.1923
2021-12-27 22:01:10, 14.2448
2021-12-27 21:59:46, 14.0866
2021-12-27 21:58:56, 14.1534
2021-12-27 21:57:46, 14.3512
2021-12-27 21:57:07, 14.6019
2021-12-27 21:55:57, 14.7093
2021-12-27 21:54:45, 14.823
2021-12-27 21:53:56, 15.0163
2021-12-27 21:52:57, 15.1277
2021-12-27 21:51:45, 15.1978
2021-12-27 21:50:56, 15.1096
2021-12-27 21:49:51, 15.3579
2021-12-27 21:48:45, 15.5712
2021-12-27 21:47:59, 15.6703
2021-12-27 21:47:01, 15.8093
2021-12-27 21:45:45, 15.8228
2021-12-27 21:44:55, 15.9755
2021-12-27 21:43:56, 16.2143
2021-12-27 21:42:50, 16.7295
2021-12-27 21:42:20, 16.7295
2021-12-27 21:40:58, 17.5905
2021-12-27 21:39:45, 17.7011
2021-12-27 21:39:14, 17.7011
2021-12-27 21:37:58, 17.75
2021-12-27 21:36:54, 18.2489
2021-12-27 21:36:22, 18.2489
2021-12-27 21:35:15, 18.697
2021-12-27 21:33:16, 19.3189
2021-12-27 21:32:34, 19.5925
2021-12-27 21:31:26, 19.3638
2021-12-27 21:30:07, 19.5124
2021-12-27 21:28:46, 20.0472
2021-12-27 21:27:42, 20.0102
2021-12-27 21:26:43, 19.9615
2021-12-27 21:25:34, 19.8563
2021-12-27 21:24:12, 19.4464
2021-12-27 21:22:45, 18.546
2021-12-27 21:22:09, 18.546
2021-12-27 21:20:58, 17.8342
2021-12-27 21:19:45, 17.5784
2021-12-27 21:18:59, 17.5784
2021-12-27 21:17:54, 17.2007
2021-12-27 21:16:45, 16.7866
2021-12-27 21:16:09, 16.7866
2021-12-27 21:14:56, 16.6657
2021-12-27 21:13:45, 16.8036
2021-12-27 21:13:01, 16.8036
2021-12-27 21:10:45, 17.6467
2021-12-27 21:09:59, 17.6467
2021-12-27 21:08:57, 18.0178
2021-12-27 21:07:45, 18.3074
2021-12-27 21:06:54, 18.4824
2021-12-27 21:05:52, 18.6435
2021-12-27 21:04:46, 18.8209
2021-12-27 21:04:13, 18.8209
2021-12-27 21:03:14, 18.8284
2021-12-27 21:01:45, 18.6596
2021-12-27 21:01:01, 18.6596
2021-12-27 20:59:56, 18.6952
2021-12-27 20:58:46, 19.1919
2021-12-27 20:57:56, 19.1919
2021-12-27 20:56:57, 19.3043
2021-12-27 20:55:45, 19.439
2021-12-27 20:55:10, 19.439
2021-12-27 20:53:45, 19.8503
2021-12-27 20:52:29, 19.9045
2021-12-27 20:51:20, 19.9989
2021-12-27 20:50:10, 19.9791
2021-12-27 20:48:56, 19.9258
2021-12-27 20:48:25, 19.722
2021-12-27 20:46:59, 19.8124
2021-12-27 20:45:57, 20.0008
2021-12-27 20:44:57, 20.2371
2021-12-27 20:44:34, 20.5101
2021-12-27 20:43:26, 20.6265
2021-12-27 20:41:56, 20.9886
2021-12-27 20:41:26, 21.4314
2021-12-27 20:40:02, 21.7705
2021-12-27 20:38:45, 22.2106
2021-12-27 20:37:56, 22.2106
2021-12-27 20:36:45, 22.8192
2021-12-27 20:36:01, 22.8192
2021-12-27 20:35:06, 22.784
2021-12-27 20:33:51, 22.7837
2021-12-27 20:33:20, 23.3168
2021-12-27 20:32:16, 23.1587
2021-12-27 20:31:34, 23.0523
2021-12-27 20:30:25, 23.0289
2021-12-27 20:29:19, 23.1121
2021-12-27 20:28:25, 23.1797
2021-12-27 20:27:37, 23.0669
2021-12-27 20:26:29, 23.4142
2021-12-27 20:25:11, 23.7119
2021-12-27 20:23:45, 23.5265
2021-12-27 20:22:59, 23.5265
2021-12-27 20:21:54, 23.6352
2021-12-27 20:20:52, 23.4133
2021-12-27 20:20:20, 23.3658
2021-12-27 20:19:14, 23.3342
2021-12-27 20:17:45, 23.2027
2021-12-27 20:16:55, 23.2027
2021-12-27 20:15:53, 22.9661
2021-12-27 20:14:45, 22.6276
2021-12-27 20:14:09, 22.6276
2021-12-27 20:12:45, 22.6516
2021-12-27 20:10:55, 23.1632
2021-12-27 20:10:22, 23.4137
2021-12-27 20:09:22, 23.6282
2021-12-27 20:08:12, 23.658
2021-12-27 20:06:47, 23.7465
2021-12-27 20:05:20, 23.952
2021-12-27 20:04:01, 24.0939
2021-12-27 20:03:29, 24.2177
2021-12-27 20:02:21, 24.1791
2021-12-27 20:01:09, 24.004
2021-12-27 19:59:45, 23.8877
2021-12-27 19:59:09, 23.9258
2021-12-27 19:57:54, 24.1333
2021-12-27 19:56:45, 24.4584
2021-12-27 19:56:00, 24.4584
2021-12-27 19:54:55, 24.5937
2021-12-27 19:53:45, 24.6904
2021-12-27 19:53:07, 24.7496
2021-12-27 19:52:07, 24.9038
2021-12-27 19:50:45, 25.167
2021-12-27 19:49:57, 25.167
2021-12-27 19:48:55, 25.2777
2021-12-27 19:47:45, 25.2711
2021-12-27 19:47:09, 25.2519
2021-12-27 19:45:53, 25.2937
2021-12-27 19:44:47, 25.421
2021-12-27 19:44:16, 25.5041
2021-12-27 19:43:13, 25.6205
2021-12-27 19:41:45, 26.095
2021-12-27 19:40:59, 26.095
2021-12-27 19:39:58, 26.0806
2021-12-27 19:39:26, 26.3465
2021-12-27 19:38:26, 26.6056
2021-12-27 19:37:13, 27.319
2021-12-27 19:35:50, 27.5313
2021-12-27 19:34:30, 28.0568
2021-12-27 19:32:47, 28.8679
2021-12-27 19:30:41, 29.9422
2021-12-27 19:28:46, 30.1839
2021-12-27 19:27:23, 30.2357
2021-12-27 19:25:56, 30.3467
2021-12-27 19:23:53, 30.3701
2021-12-27 19:22:41, 29.704
2021-12-27 19:21:22, 29.438
2021-12-27 19:20:40, 29.438
2021-12-27 19:19:25, 28.6118
2021-12-27 19:17:46, 28.3438
2021-12-27 19:16:37, 27.9199
2021-12-27 19:15:24, 27.7004
2021-12-27 19:14:14, 27.6326
2021-12-27 19:13:30, 27.3672
2021-12-27 19:12:27, 27.3328
2021-12-27 19:11:16, 27.6107
2021-12-27 19:10:34, 27.9202
2021-12-27 19:09:26, 28.0476
2021-12-27 19:08:16, 28.1254
2021-12-27 19:07:10, 28.178
2021-12-27 19:05:46, 28.2376
2021-12-27 19:05:13, 28.2746
2021-12-27 19:03:57, 28.3303
2021-12-27 19:02:50, 28.4427
2021-12-27 19:02:15, 28.4426
2021-12-27 19:01:11, 28.3397
2021-12-27 18:59:45, 28.2108
2021-12-27 18:59:01, 28.2919
2021-12-27 18:57:59, 28.3056
2021-12-27 18:56:58, 28.4479
2021-12-27 18:56:28, 28.5505
2021-12-27 18:55:23, 28.7011
2021-12-27 18:54:09, 28.8097
2021-12-27 18:52:59, 28.8268
2021-12-27 18:52:37, 28.9774
2021-12-27 18:50:58, 28.8934
2021-12-27 18:49:54, 28.9713
2021-12-27 18:49:22, 29.0151
2021-12-27 18:48:17, 29.1557
2021-12-27 18:47:08, 29.1446
2021-12-27 18:46:35, 29.2441
2021-12-27 18:45:33, 29.2748
2021-12-27 18:44:12, 29.2602
2021-12-27 18:42:53, 29.3349
2021-12-27 18:42:22, 29.3788
2021-12-27 18:41:13, 29.7199
2021-12-27 18:39:46, 29.7398
2021-12-27 18:39:01, 29.8857
2021-12-27 18:37:58, 29.972
2021-12-27 18:36:54, 30.5384
2021-12-27 18:36:22, 30.5585
2021-12-27 18:35:15, 30.7549
2021-12-27 18:33:52, 31.1771
2021-12-27 18:33:13, 32.0542
2021-12-27 18:31:59, 32.4077
2021-12-27 18:30:50, 32.5561
2021-12-27 18:30:13, 32.8502
2021-12-27 18:28:46, 33.0891
2021-12-27 18:27:32, 33.12
2021-12-27 18:26:23, 33.3643
2021-12-27 18:25:00, 33.4572
2021-12-27 18:23:53, 33.276
2021-12-27 18:23:20, 32.6827
2021-12-27 18:22:13, 32.4122
2021-12-27 18:20:46, 32.1347
2021-12-27 18:20:00, 31.8745
2021-12-27 18:18:54, 31.5726
2021-12-27 18:17:51, 31.2796
2021-12-27 18:17:18, 31.0118
2021-12-27 18:14:50, 30.4157
2021-12-27 18:14:18, 30.2219
2021-12-27 18:13:16, 30.0804
2021-12-27 18:11:45, 30.0501
2021-12-27 18:09:49, 30.4493
2021-12-27 18:09:18, 30.4638
2021-12-27 18:08:14, 30.5381
2021-12-27 18:06:59, 30.4784
2021-12-27 18:06:31, 30.6447
2021-12-27 18:05:26, 30.6602
2021-12-27 18:03:47, 30.756
2021-12-27 18:03:14, 30.6955
2021-12-27 18:02:09, 30.6656
2021-12-27 18:01:28, 30.5807
2021-12-27 18:00:21, 30.4401
2021-12-27 17:59:01, 30.5035
2021-12-27 17:57:45, 30.5281
2021-12-27 17:57:12, 30.6385
2021-12-27 17:56:01, 30.6355
2021-12-27 17:55:28, 30.6551
2021-12-27 17:54:24, 30.6878
2021-12-27 17:53:12, 30.7638
2021-12-27 17:52:34, 30.8177
2021-12-27 17:51:33, 30.7714
2021-12-27 17:50:18, 30.8175
2021-12-27 17:49:00, 30.7823
2021-12-27 17:48:30, 30.776
2021-12-27 17:47:15, 30.7108
2021-12-27 17:46:33, 30.7862
2021-12-27 17:45:21, 30.7868
2021-12-27 17:44:13, 30.7746
2021-12-27 17:43:32, 30.7743
2021-12-27 17:42:27, 30.9193
2021-12-27 17:41:11, 31.0801
2021-12-27 17:39:56, 31.0376
2021-12-27 17:39:22, 31.1345
2021-12-27 17:38:10, 31.1831
2021-12-27 17:36:59, 31.7142
2021-12-27 17:36:27, 31.9095
2021-12-27 17:35:27, 32.2198
2021-12-27 17:34:19, 32.5507
2021-12-27 17:33:31, 33.2801
2021-12-27 17:32:25, 33.4492
2021-12-27 17:31:07, 33.6976
2021-12-27 17:29:17, 34.1483
2021-12-27 17:28:31, 34.1906
2021-12-27 17:27:32, 33.9172
2021-12-27 17:26:15, 33.9469
2021-12-27 17:24:49, 33.765
2021-12-27 17:23:25, 33.1667
2021-12-27 17:22:14, 32.9402
2021-12-27 17:21:28, 32.5041
2021-12-27 17:20:26, 32.1446
2021-12-27 17:19:16, 31.9737
2021-12-27 17:18:32, 31.8458
2021-12-27 17:17:27, 31.5481
2021-12-27 17:16:16, 31.1596
2021-12-27 17:14:45, 30.9527
2021-12-27 17:13:59, 30.6874
2021-12-27 17:12:53, 30.249
2021-12-27 17:11:45, 30.1688
2021-12-27 17:10:56, 30.3282
2021-12-27 17:09:55, 30.2946
2021-12-27 17:08:45, 30.2334
2021-12-27 17:07:55, 30.1782
2021-12-27 17:06:55, 30.106
2021-12-27 17:05:52, 30.0718
2021-12-27 17:05:17, 30.0428
2021-12-27 17:04:12, 30.0231
2021-12-27 17:02:58, 29.9877
2021-12-27 17:02:27, 29.8531
2021-12-27 17:01:19, 29.6041
2021-12-27 16:59:57, 29.5622
2021-12-27 16:59:37, 29.5622
2021-12-27 16:58:20, 29.4012
2021-12-27 16:56:47, 29.4563
2021-12-27 16:56:15, 29.5164
2021-12-27 16:55:00, 29.562
2021-12-27 16:53:54, 29.6027
2021-12-27 16:53:26, 29.6569
2021-12-27 16:52:23, 29.5619
2021-12-27 16:50:45, 29.5456
2021-12-27 16:48:55, 29.5281
2021-12-27 16:47:51, 29.4466
2021-12-27 16:47:20, 29.3552
2021-12-27 16:46:12, 29.3018
2021-12-27 16:45:31, 29.1782
2021-12-27 16:44:38, 29.1782
2021-12-27 16:43:01, 29.0701
2021-12-27 16:41:32, 29.328
2021-12-27 16:40:13, 29.4288
2021-12-27 16:38:58, 29.4549
2021-12-27 16:38:26, 29.4675
2021-12-27 16:37:22, 29.908
2021-12-27 16:35:58, 29.954
2021-12-27 16:35:26, 30.1156
2021-12-27 16:34:21, 30.29
2021-12-27 16:33:43, 30.29
2021-12-27 16:32:33, 31.0094
2021-12-27 16:31:27, 31.1923
2021-12-27 16:30:41, 31.1923
2021-12-27 16:29:39, 31.3337
2021-12-27 16:28:32, 31.639
2021-12-27 16:27:18, 31.5996
2021-12-27 16:26:31, 31.689
2021-12-27 16:25:22, 31.6996
2021-12-27 16:24:13, 31.5455
2021-12-27 16:22:59, 30.9538
2021-12-27 16:22:28, 30.7665
2021-12-27 16:21:18, 30.4943
2021-12-27 16:19:45, 30.2082
2021-12-27 16:19:11, 29.7807
2021-12-27 16:17:54, 29.6301
2021-12-27 16:16:45, 29.1718
2021-12-27 16:16:07, 28.9737
2021-12-27 16:14:56, 28.723
2021-12-27 16:13:46, 28.5426
2021-12-27 16:13:14, 28.3054
2021-12-27 16:12:01, 28.3145
2021-12-27 16:10:48, 28.4624
2021-12-27 16:08:14, 28.4232
2021-12-27 16:06:57, 28.072
2021-12-27 16:05:59, 28.072
2021-12-27 16:05:21, 28.072
2021-12-27 16:04:16, 28.072
2021-12-27 16:02:50, 28.072
2021-12-27 16:02:19, 28.072
2021-12-27 16:01:15, 28.072
2021-12-27 15:59:55, 28.072
2021-12-27 15:59:21, 27.9644
2021-12-27 15:58:15, 28.0514
2021-12-27 15:57:32, 28.0514
2021-12-27 15:56:23, 27.9414
2021-12-27 15:55:15, 27.846
2021-12-27 15:54:31, 27.846
2021-12-27 15:53:32, 27.9858
2021-12-27 15:52:24, 28.0141
2021-12-27 15:51:09, 28.0313
2021-12-27 15:49:45, 28.0111
2021-12-27 15:49:13, 27.9256
2021-12-27 15:48:00, 27.8552
2021-12-27 15:47:26, 27.8552
2021-12-27 15:46:23, 27.9614
2021-12-27 15:45:14, 28.0071
2021-12-27 15:44:31, 28.0071
2021-12-27 15:43:25, 27.8483
2021-12-27 15:41:57, 27.9094
2021-12-27 15:40:45, 28.032
2021-12-27 15:40:10, 28.0835
2021-12-27 15:39:01, 28.2885
2021-12-27 15:37:52, 28.4612
2021-12-27 15:37:17, 29.0502
2021-12-27 15:36:13, 29.2151
2021-12-27 15:35:34, 29.2151
2021-12-27 15:34:28, 29.2985
2021-12-27 15:33:13, 30.1487
2021-12-27 15:32:40, 30.1487
2021-12-27 15:31:27, 30.2647
2021-12-27 15:29:59, 30.3409
2021-12-27 15:27:54, 30.1772
2021-12-27 15:26:44, 29.8813
2021-12-27 15:25:38, 29.8656
2021-12-27 15:24:36, 29.8854
2021-12-27 15:22:47, 29.4303
2021-12-27 15:21:35, 29.0026
2021-12-27 15:20:43, 29.0026
2021-12-27 15:19:23, 28.778
2021-12-27 15:18:01, 28.5928
2021-12-27 15:17:32, 28.5928
2021-12-27 15:16:12, 27.9337
2021-12-27 15:13:17, 27.0812
2021-12-27 15:10:59, 27.3395
2021-12-27 15:10:25, 27.3395
2021-12-27 15:09:25, 27.4156
2021-12-27 15:08:01, 27.2792
2021-12-27 15:07:32, 27.2792
2021-12-27 15:06:21, 27.2342
2021-12-27 15:05:34, 27.2342
2021-12-27 15:04:27, 27.2695
2021-12-27 15:03:17, 27.3345
2021-12-27 15:01:46, 27.1567
2021-12-27 15:00:27, 27.0331
2021-12-27 14:59:13, 26.8621
2021-12-27 14:57:59, 26.9585
2021-12-27 14:57:26, 26.9585
2021-12-27 14:56:23, 27.0482
2021-12-27 14:55:44, 27.1668
2021-12-27 14:54:37, 27.2095
2021-12-27 14:53:24, 27.2777
2021-12-27 14:52:16, 27.1939
2021-12-27 14:50:47, 27.2068
2021-12-27 14:50:13, 27.3185
2021-12-27 14:49:00, 27.3022
2021-12-27 14:46:53, 27.1554
2021-12-27 14:46:20, 27.1554
2021-12-27 14:45:12, 26.983
2021-12-27 14:44:00, 26.8923
2021-12-27 14:43:43, 26.8923
2021-12-27 14:42:27, 27.0105
2021-12-27 14:40:47, 27.2109
2021-12-27 14:40:02, 27.1576
2021-12-27 14:39:00, 27.2528
2021-12-27 14:37:49, 27.2602
2021-12-27 14:37:16, 27.2602
2021-12-27 14:36:10, 28.0111
2021-12-27 14:34:53, 28.2797
2021-12-27 14:34:21, 28.2797
2021-12-27 14:33:07, 29.4545
2021-12-27 14:32:44, 29.4545
2021-12-27 14:31:30, 29.6329
2021-12-27 14:30:31, 29.8822
2021-12-27 14:29:32, 30.2386
2021-12-27 14:28:20, 30.4155
2021-12-27 14:27:35, 30.4489
2021-12-27 14:26:39, 30.1653
2021-12-27 14:25:21, 30.2212
2021-12-27 14:24:01, 29.6468
2021-12-27 14:23:32, 29.6468
2021-12-27 14:21:46, 29.4277
2021-12-27 14:20:44, 29.1973
2021-12-27 14:17:00, 28.4676
2021-12-27 14:16:38, 28.4676
2021-12-27 14:15:23, 28.3059
2021-12-27 14:14:00, 27.9442
2021-12-27 14:13:26, 27.9442
2021-12-27 14:12:19, 27.4913
2021-12-27 14:10:52, 27.3748
2021-12-27 14:10:21, 27.3748
2021-12-27 14:08:45, 27.1528
2021-12-27 14:07:28, 27.2657
2021-12-27 14:06:18, 27.2263
2021-12-27 14:04:59, 27.2896
2021-12-27 14:04:25, 27.2896
2021-12-27 14:03:27, 27.3066
2021-12-27 14:01:45, 27.1705
2021-12-27 14:00:14, 27.2179
2021-12-27 13:59:07, 27.1953
2021-12-27 13:57:51, 27.2409
2021-12-27 13:57:14, 27.2409
2021-12-27 13:56:00, 27.3012
2021-12-27 13:55:24, 27.3012
2021-12-27 13:54:24, 27.3967
2021-12-27 13:53:13, 27.4932
2021-12-27 13:52:00, 27.6305
2021-12-27 13:51:12, 27.6067
2021-12-27 13:50:01, 27.7794
2021-12-27 13:48:57, 27.9723
2021-12-27 13:48:25, 27.9723
2021-12-27 13:47:22, 28.1768
2021-12-27 13:46:00, 28.7343
2021-12-27 13:45:32, 28.7343
2021-12-27 13:44:22, 28.8788
2021-12-27 13:43:42, 29.0374
2021-12-27 13:42:37, 29.239
2021-12-27 13:41:31, 29.7269
2021-12-27 13:40:15, 30.0282
2021-12-27 13:39:01, 30.3166
2021-12-27 13:38:28, 30.3166
2021-12-27 13:37:23, 30.4839
2021-12-27 13:36:11, 30.9032
2021-12-27 13:35:27, 30.8597
2021-12-27 13:34:29, 30.9779
2021-12-27 13:33:18, 31.4539
2021-12-27 13:31:51, 31.3306
2021-12-27 13:30:36, 31.3026
2021-12-27 13:29:15, 31.191
2021-12-27 13:27:52, 30.5896
2021-12-27 13:26:08, 30.2495
2021-12-27 13:24:38, 30.1234
2021-12-27 13:22:47, 29.6238
2021-12-27 13:21:28, 29.4087
2021-12-27 13:19:41, 29.0703
2021-12-27 13:18:26, 29.1157
2021-12-27 13:17:17, 29.0421
2021-12-27 13:15:51, 28.4863
2021-12-27 13:15:14, 28.4863
2021-12-27 13:13:58, 27.9762
2021-12-27 13:12:49, 27.6711
2021-12-27 13:12:17, 27.6711
2021-12-27 13:11:13, 27.7925
2021-12-27 13:09:59, 27.8751
2021-12-27 13:09:28, 27.8751
2021-12-27 13:08:15, 27.8551
2021-12-27 13:06:59, 27.7249
2021-12-27 13:06:29, 27.7249
2021-12-27 13:05:18, 27.7755
2021-12-27 13:03:55, 27.9109
2021-12-27 13:03:22, 27.9109
2021-12-27 13:02:17, 27.8591
2021-12-27 13:00:45, 27.486
2021-12-27 13:00:07, 27.5691
2021-12-27 12:58:57, 27.5593
2021-12-27 12:57:49, 27.7279
2021-12-27 12:57:17, 27.7279
2021-12-27 12:56:00, 27.7306
2021-12-27 12:54:51, 27.8293
2021-12-27 12:54:19, 27.8293
2021-12-27 12:53:11, 27.7671
2021-12-27 12:51:59, 27.8526
2021-12-27 12:51:12, 27.8526
2021-12-27 12:50:07, 27.8337
2021-12-27 12:48:50, 27.846
2021-12-27 12:48:17, 27.846
2021-12-27 12:47:01, 27.6386
2021-12-27 12:46:43, 27.6386
2021-12-27 12:45:33, 27.7421
2021-12-27 12:43:58, 27.7427
2021-12-27 12:43:25, 27.7427
2021-12-27 12:42:18, 27.7356
2021-12-27 12:40:47, 27.9395
2021-12-27 12:39:24, 27.9178
2021-12-27 12:38:12, 27.9253
2021-12-27 12:37:39, 28.0968
2021-12-27 12:36:30, 28.4241
2021-12-27 12:35:15, 28.3141
2021-12-27 12:33:46, 28.5731
2021-12-27 12:33:22, 28.5731
2021-12-27 12:31:45, 28.247
2021-12-27 12:30:34, 28.2317
2021-12-27 12:29:24, 28.1935
2021-12-27 12:28:39, 28.1112
2021-12-27 12:27:39, 27.9462
2021-12-27 12:26:20, 27.8381
2021-12-27 12:24:27, 27.901
2021-12-27 12:22:56, 27.7446
2021-12-27 12:22:19, 27.7446
2021-12-27 12:21:17, 27.7568
2021-12-27 12:19:57, 27.6385
2021-12-27 12:19:23, 27.6385
2021-12-27 12:17:47, 27.5417
2021-12-27 12:16:39, 27.2169
2021-12-27 12:13:47, 26.7389
2021-12-27 12:11:47, 26.3767
2021-12-27 12:10:23, 26.3719
2021-12-27 12:09:16, 26.2972
2021-12-27 12:08:31, 26.2667
2021-12-27 12:07:29, 26.0856
2021-12-27 12:06:15, 25.9871
2021-12-27 12:04:56, 25.7241
2021-12-27 12:03:19, 25.6276
2021-12-27 12:02:29, 25.603
2021-12-27 12:01:29, 25.3709
2021-12-27 12:00:17, 25.1898
2021-12-27 11:58:28, 24.9965
2021-12-27 11:57:27, 24.9729
2021-12-27 11:56:20, 24.9607
2021-12-27 11:55:00, 25.0252
2021-12-27 11:53:55, 25.0604
2021-12-27 11:53:21, 25.1343
2021-12-27 11:52:15, 25.0656
2021-12-27 11:50:55, 24.9303
2021-12-27 11:49:50, 24.8389
2021-12-27 11:49:18, 24.8389
2021-12-27 11:48:12, 24.9168
2021-12-27 11:46:49, 24.8073
2021-12-27 11:46:17, 24.8073
2021-12-27 11:45:09, 24.7318
2021-12-27 11:43:45, 24.5014
2021-12-27 11:42:50, 24.4778
2021-12-27 11:41:37, 24.6708
2021-12-27 11:40:22, 24.7182
2021-12-27 11:39:14, 24.722
2021-12-27 11:37:58, 24.7648
2021-12-27 11:37:29, 25.0336
2021-12-27 11:36:22, 25.6019
2021-12-27 11:35:00, 25.9054
2021-12-27 11:34:25, 26.1937
2021-12-27 11:33:20, 26.7234
2021-12-27 11:31:58, 27.109
2021-12-27 11:31:23, 27.1393
2021-12-27 11:29:46, 27.5309
2021-12-27 11:28:42, 27.4793
2021-12-27 11:27:25, 27.1398
2021-12-27 11:26:08, 26.7164
2021-12-27 11:25:44, 26.3284
2021-12-27 11:24:20, 26.1115
2021-12-27 11:23:23, 25.4759
2021-12-27 11:22:41, 25.2073
2021-12-27 11:21:27, 24.8373
2021-12-27 11:19:57, 24.5273
2021-12-27 11:18:27, 24.0335
2021-12-27 11:17:01, 23.9772
2021-12-27 11:15:54, 23.5172
2021-12-27 11:15:20, 23.5172
2021-12-27 11:14:10, 23.2769
2021-12-27 11:12:45, 22.9731
2021-12-27 11:12:12, 22.9731
2021-12-27 11:11:00, 23.1322
2021-12-27 11:09:50, 22.9769
2021-12-27 11:09:16, 22.9769
2021-12-27 11:08:09, 22.7867
2021-12-27 11:07:35, 22.7325
2021-12-27 11:06:27, 22.73
2021-12-27 11:05:17, 22.6649
2021-12-27 11:04:00, 22.6094
2021-12-27 11:03:31, 22.4862
2021-12-27 11:02:19, 22.3576
2021-12-27 11:01:33, 22.0065
2021-12-27 11:00:43, 21.9896
2021-12-27 10:59:28, 21.9748
2021-12-27 10:58:14, 22.0771
2021-12-27 10:56:55, 22.0484
2021-12-27 10:56:23, 22.0818
2021-12-27 10:55:14, 22.0484
2021-12-27 10:53:58, 21.9466
2021-12-27 10:53:27, 22.0584
2021-12-27 10:52:19, 22.1006
2021-12-27 10:50:48, 22.0473
2021-12-27 10:50:14, 22.0473
2021-12-27 10:49:08, 22.0449
2021-12-27 10:47:49, 21.779
2021-12-27 10:47:14, 21.779
2021-12-27 10:46:00, 21.6435
2021-12-27 10:45:42, 21.6759
2021-12-27 10:44:33, 21.6849
2021-12-27 10:42:47, 21.5027
2021-12-27 10:41:21, 21.6147
2021-12-27 10:39:59, 21.4983
2021-12-27 10:38:32, 21.4072
2021-12-27 10:37:23, 21.5179
2021-12-27 10:36:01, 21.8157
2021-12-27 10:34:58, 21.6936
2021-12-27 10:34:30, 21.6704
2021-12-27 10:33:26, 21.5794
2021-12-27 10:32:29, 21.7417
2021-12-27 10:31:24, 21.5232
2021-12-27 10:29:48, 21.5658
2021-12-27 10:28:39, 21.4286
2021-12-27 10:27:26, 21.2832
2021-12-27 10:26:01, 20.9467
2021-12-27 10:24:40, 21.0702
2021-12-27 10:23:31, 21.1435
2021-12-27 10:22:16, 20.9866
2021-12-27 10:21:07, 20.9104
2021-12-27 10:19:56, 20.8496
2021-12-27 10:19:25, 20.6311
2021-12-27 10:18:17, 20.6812
2021-12-27 10:16:52, 20.6559
2021-12-27 10:16:18, 20.5884
2021-12-27 10:15:10, 20.4202
2021-12-27 10:13:46, 20.0623
2021-12-27 10:13:10, 20.0623
2021-12-27 10:12:01, 19.8098
2021-12-27 10:10:45, 19.9121
2021-12-27 10:10:10, 19.9121
2021-12-27 10:09:08, 19.9405
2021-12-27 10:07:53, 19.7762
2021-12-27 10:07:20, 19.7383
2021-12-27 10:06:16, 19.7729
2021-12-27 10:04:51, 20.0768
2021-12-27 10:03:27, 20.8033
2021-12-27 10:02:01, 21.1652
2021-12-27 10:01:33, 21.4617
2021-12-27 10:00:19, 21.9338
2021-12-27 09:58:59, 22.6087
2021-12-27 09:57:18, 23.7746
2021-12-27 09:56:38, 24.2563
2021-12-27 09:55:37, 24.4627
2021-12-27 09:54:00, 24.6864
2021-12-27 09:51:53, 24.8646
2021-12-27 09:50:10, 24.7898
2021-12-27 09:48:51, 24.6456
2021-12-27 09:48:17, 24.6079
2021-12-27 09:47:10, 24.5434
2021-12-27 09:45:47, 24.445
2021-12-27 09:45:13, 24.4381
2021-12-27 09:44:10, 24.1672
2021-12-27 09:42:54, 24.0806
2021-12-27 09:41:27, 24.4952
2021-12-27 09:40:10, 24.482
2021-12-27 09:39:35, 24.7002
2021-12-27 09:38:26, 24.9026
2021-12-27 09:37:00, 25.1198
2021-12-27 09:36:42, 25.4942
2021-12-27 09:35:28, 25.6482
2021-12-27 09:33:49, 26.043
2021-12-27 09:32:24, 26.66
2021-12-27 09:31:29, 26.6191
2021-12-27 09:30:44, 26.6191
2021-12-27 09:29:25, 26.5905
2021-12-27 09:27:45, 26.2935
2021-12-27 09:26:26, 25.7526
2021-12-27 09:24:59, 25.4841
2021-12-27 09:23:22, 24.7753
2021-12-27 09:21:49, 24.4395
2021-12-27 09:21:02, 24.1766
2021-12-27 09:19:42, 23.9313
2021-12-27 09:18:38, 23.6834
2021-12-27 09:17:00, 23.5173
2021-12-27 09:15:55, 23.1502
2021-12-27 09:15:19, 23.1344
2021-12-27 09:12:31, 22.9334
2021-12-27 09:11:29, 22.988
2021-12-27 09:10:42, 22.8761
2021-12-27 09:09:44, 22.8761
2021-12-27 09:08:31, 22.6122
2021-12-27 09:07:22, 22.6277
2021-12-27 09:05:48, 22.5729
2021-12-27 09:04:35, 22.4478
2021-12-27 09:03:17, 22.2567
2021-12-27 09:01:55, 21.9854
2021-12-27 09:01:21, 21.8355
2021-12-27 08:59:58, 21.7279
2021-12-27 08:58:47, 21.8096
2021-12-27 08:58:12, 21.7482
2021-12-27 08:56:57, 21.8829
2021-12-27 08:55:45, 21.8161
2021-12-27 08:55:12, 21.6629
2021-12-27 08:54:00, 21.5511
2021-12-27 08:52:57, 21.735
2021-12-27 08:52:34, 21.7858
2021-12-27 08:51:18, 21.7374
2021-12-27 08:50:11, 21.7999
2021-12-27 08:49:32, 21.6986
2021-12-27 08:48:20, 21.608
2021-12-27 08:47:10, 21.4103
2021-12-27 08:46:31, 21.4351
2021-12-27 08:45:29, 21.5289
2021-12-27 08:44:20, 21.6289
2021-12-27 08:42:45, 21.5548
2021-12-27 08:41:22, 21.6576
2021-12-27 08:40:01, 21.6525
2021-12-27 08:38:46, 21.7523
2021-12-27 08:37:47, 21.7589
2021-12-27 08:36:29, 21.9544
2021-12-27 08:35:18, 21.8927
2021-12-27 08:34:29, 21.7027
2021-12-27 08:33:38, 21.7027
2021-12-27 08:32:24, 21.9162
2021-12-27 08:31:44, 21.9162
2021-12-27 08:30:42, 21.9489
2021-12-27 08:29:28, 22.1286
2021-12-27 08:28:16, 22.2663
2021-12-27 08:27:37, 22.2663
2021-12-27 08:26:31, 22.4387
2021-12-27 08:25:18, 22.6663
2021-12-27 08:24:34, 22.6663
2021-12-27 08:23:26, 22.8463
2021-12-27 08:22:14, 23.0227
2021-12-27 08:20:59, 22.8546
2021-12-27 08:20:27, 22.6604
2021-12-27 08:19:20, 22.5466
2021-12-27 08:16:30, 22.2691
2021-12-27 08:15:32, 22.2569
2021-12-27 08:14:17, 22.1329
2021-12-27 08:12:57, 21.9994
2021-12-27 08:12:29, 21.9512
2021-12-27 08:11:10, 22.1524
2021-12-27 08:09:55, 22.3248
2021-12-27 08:09:24, 22.1197
2021-12-27 08:08:19, 21.7226
2021-12-27 08:06:59, 21.5743
2021-12-27 08:06:25, 21.1735
2021-12-27 08:05:18, 20.8824
2021-12-27 08:04:00, 20.7087
2021-12-27 08:03:43, 20.7087
2021-12-27 08:02:18, 20.0444
2021-12-27 08:00:55, 19.6119
2021-12-27 08:00:21, 19.2447
2021-12-27 07:59:15, 19.193
2021-12-27 07:58:32, 19.3806
2021-12-27 07:57:38, 19.3806
2021-12-27 07:56:10, 19.0684
2021-12-27 07:54:55, 18.8234
2021-12-27 07:54:19, 18.674
2021-12-27 07:53:16, 18.5552
2021-12-27 07:52:37, 18.5552
2021-12-27 07:51:24, 18.3851
2021-12-27 07:50:16, 18.4874
2021-12-27 07:48:57, 18.5355
2021-12-27 07:47:45, 18.4759
2021-12-27 07:47:11, 18.6783
2021-12-27 07:45:58, 18.9202
2021-12-27 07:44:57, 19.115
2021-12-27 07:44:33, 19.115
2021-12-27 07:43:34, 19.116
2021-12-27 07:41:47, 19.6219
2021-12-27 07:40:18, 19.7198
2021-12-27 07:39:15, 19.5603
2021-12-27 07:37:58, 19.5538
2021-12-27 07:37:29, 19.5538
2021-12-27 07:36:19, 19.4443
2021-12-27 07:34:45, 19.4364
2021-12-27 07:33:24, 19.6368
2021-12-27 07:32:22, 20.1542
2021-12-27 07:31:44, 20.1542
2021-12-27 07:30:38, 20.5299
2021-12-27 07:29:26, 20.8498
2021-12-27 07:28:14, 21.1378
2021-12-27 07:26:47, 21.1473
2021-12-27 07:26:10, 20.9895
2021-12-27 07:25:01, 20.9277
2021-12-27 07:23:45, 20.6756
2021-12-27 07:23:09, 20.4187
2021-12-27 07:22:07, 19.7143
2021-12-27 07:20:34, 19.0109
2021-12-27 07:19:29, 18.5623
2021-12-27 07:18:16, 18.093
2021-12-27 07:16:55, 17.8959
2021-12-27 07:16:27, 17.8959
2021-12-27 07:15:00, 17.4583
2021-12-27 07:13:47, 17.2482
2021-12-27 07:13:13, 16.879
2021-12-27 07:11:57, 16.7827
2021-12-27 07:10:55, 16.5526
2021-12-27 07:10:23, 16.5526
2021-12-27 07:09:23, 16.2414
2021-12-27 07:08:16, 15.3373
2021-12-27 07:07:31, 14.8897
2021-12-27 07:06:44, 14.8897
2021-12-27 07:05:28, 14.5307
2021-12-27 07:04:19, 14.1888
2021-12-27 07:02:54, 13.6814
2021-12-27 07:02:12, 13.2746
2021-12-27 07:01:00, 12.99
2021-12-27 06:59:45, 12.8033
2021-12-27 06:58:59, 12.7978
2021-12-27 06:57:54, 12.721
2021-12-27 06:56:45, 12.8168
2021-12-27 06:56:13, 12.7614
2021-12-27 06:55:00, 12.7642
2021-12-27 06:53:45, 12.7842
2021-12-27 06:53:11, 12.7523
2021-12-27 06:52:01, 12.7794
2021-12-27 06:50:53, 12.739
2021-12-27 06:50:19, 12.739
2021-12-27 06:49:13, 12.6386
2021-12-27 06:47:58, 12.5993
2021-12-27 06:47:31, 12.5993
2021-12-27 06:46:21, 12.4624
2021-12-27 06:45:38, 12.5612
2021-12-27 06:44:33, 12.4937
2021-12-27 06:43:25, 12.4167
2021-12-27 06:41:59, 12.4938
2021-12-27 06:41:35, 12.4938
2021-12-27 06:40:20, 12.6044
2021-12-27 06:39:02, 12.6523
2021-12-27 06:37:57, 12.6191
2021-12-27 06:37:30, 12.6191
2021-12-27 06:36:17, 12.653
2021-12-27 06:34:48, 12.688
2021-12-27 06:33:34, 12.6447
2021-12-27 06:32:41, 12.8471
2021-12-27 06:31:43, 12.8042
2021-12-27 06:30:23, 12.9719
2021-12-27 06:29:16, 13.2334
2021-12-27 06:28:36, 13.5287
2021-12-27 06:27:25, 13.5989
2021-12-27 06:26:11, 13.6959
2021-12-27 06:24:45, 13.8367
2021-12-27 06:23:59, 13.9169
2021-12-27 06:22:56, 13.7092
2021-12-27 06:21:45, 13.5937
2021-12-27 06:21:06, 13.2435
2021-12-27 06:20:01, 12.8915
2021-12-27 06:18:49, 12.5338
2021-12-27 06:18:16, 12.5338
2021-12-27 06:17:07, 12.3484
2021-12-27 06:15:59, 12.1074
2021-12-27 06:15:31, 12.1074
2021-12-27 06:14:00, 11.6971
2021-12-27 06:12:45, 11.6371
2021-12-27 06:12:10, 11.7302
2021-12-27 06:11:00, 11.96
2021-12-27 06:09:45, 11.8591
2021-12-27 06:08:56, 11.7988
2021-12-27 06:07:39, 11.6247
2021-12-27 06:06:29, 11.5401
2021-12-27 06:05:22, 11.4214
2021-12-27 06:04:10, 11.3355
2021-12-27 06:02:48, 11.2694
2021-12-27 06:02:15, 11.2694
2021-12-27 06:01:09, 10.626
2021-12-27 05:59:00, 10.5373
2021-12-27 05:57:52, 10.5833
2021-12-27 05:57:18, 10.5833
2021-12-27 05:56:09, 10.5888
2021-12-27 05:55:40, 10.5888
2021-12-27 05:54:16, 10.5765
2021-12-27 05:53:09, 10.6213
2021-12-27 05:52:40, 10.5963
2021-12-27 05:51:24, 10.6296
2021-12-27 05:50:14, 10.6655
2021-12-27 05:48:59, 10.658
2021-12-27 05:48:41, 10.658
2021-12-27 05:47:22, 10.5989
2021-12-27 05:45:59, 10.6591
2021-12-27 05:44:45, 11.2595
2021-12-27 05:43:56, 12.4626
2021-12-27 05:42:53, 13.1041
2021-12-27 05:41:45, 14.2564
2021-12-27 05:40:55, 15.3363
2021-12-27 05:39:45, 16.7194
2021-12-27 05:39:09, 18.0928
2021-12-27 05:37:58, 19.5409
2021-12-27 05:36:45, 20.9391
2021-12-27 05:35:56, 21.9793
2021-12-27 05:34:42, 22.6105
2021-12-27 05:33:30, 22.7571
2021-12-27 05:32:16, 23.0823
2021-12-27 05:30:49, 24.0951
2021-12-27 05:29:34, 24.5722
2021-12-27 05:28:22, 24.857
2021-12-27 05:27:14, 25.0088
2021-12-27 05:25:53, 25.7719
2021-12-27 05:25:19, 25.7719
2021-12-27 05:24:12, 26.1566
2021-12-27 05:23:38, 25.3223
2021-12-27 05:22:24, 24.7729
2021-12-27 05:21:13, 23.518
2021-12-27 05:19:14, 22.1303
2021-12-27 05:17:57, 21.5437
2021-12-27 05:17:26, 21.5437
2021-12-27 05:16:20, 21.3281
2021-12-27 05:14:50, 19.3093
2021-12-27 05:13:18, 18.6823
2021-12-27 05:12:00, 18.1887
2021-12-27 05:10:46, 17.2314
2021-12-27 05:09:59, 17.2314
2021-12-27 05:08:58, 14.6839
2021-12-27 05:08:25, 14.6839
2021-12-27 05:07:23, 13.394
2021-12-27 05:06:14, 12.011
2021-12-27 05:04:59, 10.7758
2021-12-27 05:04:26, 10.8375
2021-12-27 05:03:19, 10.9868
2021-12-27 05:02:01, 11.1634
2021-12-27 05:00:55, 11.1472
2021-12-27 05:00:19, 11.1472
2021-12-27 04:59:13, 11.172
2021-12-27 04:57:51, 11.2835
2021-12-27 04:57:15, 11.2835
2021-12-27 04:56:10, 11.3632
2021-12-27 04:54:45, 11.3204
2021-12-27 04:54:00, 11.3204
2021-12-27 04:52:56, 11.2378
2021-12-27 04:52:25, 11.2378
2021-12-27 04:50:59, 11.2102
2021-12-27 04:50:00, 11.1542
2021-12-27 04:48:45, 11.0988
2021-12-27 04:47:55, 11.1312
2021-12-27 04:46:56, 11.1071
2021-12-27 04:45:45, 11.4361
2021-12-27 04:44:58, 11.4528
2021-12-27 04:43:52, 11.6644
2021-12-27 04:42:50, 11.6941
2021-12-27 04:42:07, 11.6941
2021-12-27 04:41:07, 11.916
2021-12-27 04:39:19, 11.9676
2021-12-27 04:38:14, 12.1057
2021-12-27 04:37:25, 12.2739
2021-12-27 04:36:32, 12.685
2021-12-27 04:35:18, 12.6359
2021-12-27 04:33:26, 12.9673
2021-12-27 04:31:46, 13.4025
2021-12-27 04:30:26, 13.7617
2021-12-27 04:29:18, 14.0767
2021-12-27 04:28:27, 14.1753
2021-12-27 04:27:31, 14.5737
2021-12-27 04:26:23, 15.2226
2021-12-27 04:25:36, 15.8925
2021-12-27 04:24:30, 16.5871
2021-12-27 04:23:20, 17.2042
2021-12-27 04:22:01, 17.6671
2021-12-27 04:20:50, 18.6404
2021-12-27 04:20:17, 18.6404
2021-12-27 04:19:09, 19.2001
2021-12-27 04:17:57, 19.7876
2021-12-27 04:17:23, 20.2244
2021-12-27 04:16:00, 20.3724
2021-12-27 04:14:45, 20.9706
2021-12-27 04:14:01, 20.9706
2021-12-27 04:13:00, 21.3725
2021-12-27 04:11:46, 22.3617
2021-12-27 04:11:10, 22.3617
2021-12-27 04:09:56, 22.8739
2021-12-27 04:08:49, 23.5648
2021-12-27 04:08:17, 23.5648
2021-12-27 04:07:02, 23.6919
2021-12-27 04:05:45, 23.5994
2021-12-27 04:05:02, 23.5994
2021-12-27 04:03:56, 23.4064
2021-12-27 04:02:52, 22.9551
2021-12-27 04:02:19, 22.9551
2021-12-27 04:01:15, 22.7476
2021-12-27 03:59:22, 22.3272
2021-12-27 03:57:59, 22.033
2021-12-27 03:57:28, 22.033
2021-12-27 03:56:18, 21.9551
2021-12-27 03:55:33, 21.8593
2021-12-27 03:54:42, 21.9236
2021-12-27 03:53:20, 21.8301
2021-12-27 03:52:33, 21.8611
2021-12-27 03:51:20, 21.8626
2021-12-27 03:50:14, 21.9028
2021-12-27 03:48:49, 21.9666
2021-12-27 03:48:17, 21.9666
2021-12-27 03:47:10, 21.8443
2021-12-27 03:46:35, 21.7055
2021-12-27 03:45:28, 21.7952
2021-12-27 03:44:22, 22.0881
2021-12-27 03:42:54, 22.401
2021-12-27 03:40:45, 22.6094
2021-12-27 03:39:35, 22.6277
2021-12-27 03:37:58, 22.7117
2021-12-27 03:36:48, 23.0327
2021-12-27 03:36:13, 23.0327
2021-12-27 03:34:59, 23.0147
2021-12-27 03:33:58, 22.7043
2021-12-27 03:33:37, 22.6006
2021-12-27 03:32:23, 22.4426
2021-12-27 03:31:38, 22.4558
2021-12-27 03:30:39, 22.7718
2021-12-27 03:29:25, 22.9337
2021-12-27 03:27:45, 23.1259
2021-12-27 03:26:49, 23.0703
2021-12-27 03:25:38, 23.0999
2021-12-27 03:24:22, 23.4282
2021-12-27 03:23:01, 23.998
2021-12-27 03:21:52, 24.6424
2021-12-27 03:21:19, 24.564
2021-12-27 03:20:13, 24.4889
2021-12-27 03:18:45, 24.4362
2021-12-27 03:17:34, 24.7816
2021-12-27 03:16:23, 25.3559
2021-12-27 03:14:48, 26.0831
2021-12-27 03:13:02, 26.0481
2021-12-27 03:12:43, 25.9387
2021-12-27 03:11:25, 26.3781
2021-12-27 03:10:31, 26.6075
2021-12-27 03:09:31, 26.9123
2021-12-27 03:08:25, 27.1348
2021-12-27 03:07:28, 27.2693
2021-12-27 03:06:44, 27.1748
2021-12-27 03:05:23, 27.0731
2021-12-27 03:03:55, 26.9107
2021-12-27 03:03:19, 26.8674
2021-12-27 03:02:00, 26.9017
2021-12-27 03:01:26, 26.711
2021-12-27 03:00:26, 26.704
2021-12-27 02:59:11, 26.5734
2021-12-27 02:57:54, 26.5413
2021-12-27 02:57:22, 26.3942
2021-12-27 02:55:45, 25.9691
2021-12-27 02:54:35, 25.7384
2021-12-27 02:53:15, 25.3223
2021-12-27 02:51:28, 24.2665
2021-12-27 02:49:44, 23.0999
2021-12-27 02:48:41, 22.6745
2021-12-27 02:47:10, 21.9252
2021-12-27 02:45:52, 20.5628
2021-12-27 02:45:20, 20.0803
2021-12-27 02:44:11, 19.3537
2021-12-27 02:42:58, 18.7476
2021-12-27 02:41:52, 18.3549
2021-12-27 02:41:17, 17.8143
2021-12-27 02:39:59, 17.3945
2021-12-27 02:39:39, 16.9693
2021-12-27 02:37:50, 16.4888
