date,value
2021-12-29 13:40:00,26.16616428571429
2021-12-29 14:00:00,26.728519999999996
2021-12-29 14:20:00,26.78683
2021-12-29 14:40:00,25.46266
2021-12-29 15:00:00,26.478955000000003
2021-12-29 15:20:00,26.907554999999995
2021-12-29 15:40:00,25.969425
2021-12-29 16:00:00,26.64852
2021-12-29 16:20:00,27.48413
2021-12-29 16:40:00,26.054255
2021-12-29 17:00:00,27.035830000000004
2021-12-29 17:20:00,27.846569999999996
2021-12-29 17:40:00,25.835320000000003
2021-12-29 18:00:00,25.879110000000008
2021-12-29 18:20:00,25.695304999999998
2021-12-29 18:40:00,23.30478
2021-12-29 19:00:00,22.575815
2021-12-29 19:20:00,21.9324052631579
2021-12-29 19:40:00,19.321475000000003
2021-12-29 20:00:00,18.12057
2021-12-29 20:20:00,17.171965
2021-12-29 20:40:00,14.980509999999999
2021-12-29 21:00:00,12.867439999999998
2021-12-29 21:20:00,12.219240000000003
2021-12-29 21:40:00,10.937665
2021-12-29 22:00:00,8.077129999999999
2021-12-29 22:20:00,7.885344999999999
2021-12-29 22:40:00,6.72401
2021-12-29 23:00:00,11.315314999999998
2021-12-29 23:20:00,5.568475
2021-12-29 23:40:00,3.7242650000000004
2021-12-30 00:00:00,5.412695000000001
2021-12-30 00:20:00,6.125974999999999
2021-12-30 00:40:00,7.647879999999999
2021-12-30 01:00:00,10.456375
2021-12-30 01:20:00,22.396145
2021-12-30 01:40:00,23.95324
2021-12-30 02:00:00,23.90562
2021-12-30 02:20:00,21.68269
2021-12-30 02:40:00,18.203830000000004
2021-12-30 03:00:00,17.697595
2021-12-30 03:20:00,20.426335
2021-12-30 03:40:00,16.529584210526316
2021-12-30 04:00:00,18.621254999999998
2021-12-30 04:20:00,30.341910000000002
2021-12-30 04:40:00,27.649530000000006
2021-12-30 05:00:00,15.499185000000002
2021-12-30 05:20:00,13.552935000000002
2021-12-30 05:40:00,11.808330000000002
2021-12-30 06:00:00,12.68894
2021-12-30 06:20:00,13.92589
2021-12-30 06:40:00,9.648765000000001
2021-12-30 07:00:00,9.851952631578945
2021-12-30 07:20:00,10.757819999999999
2021-12-30 07:40:00,11.199950000000001
2021-12-30 08:00:00,14.14694
2021-12-30 08:20:00,16.032214999999997
2021-12-30 08:40:00,19.24169
2021-12-30 09:00:00,24.586695
2021-12-30 09:20:00,23.81438
2021-12-30 09:40:00,23.843035
2021-12-30 10:00:00,26.50012
2021-12-30 10:20:00,27.95243499999999
2021-12-30 10:40:00,27.542944999999996
2021-12-30 11:00:00,28.57976842105264
2021-12-30 11:20:00,29.24116
2021-12-30 11:40:00,28.871885
2021-12-30 12:00:00,30.67761500000001
2021-12-30 12:20:00,31.371969999999994
2021-12-30 12:40:00,30.32409
2021-12-30 13:00:00,31.51245
2021-12-30 13:20:00,31.68028
2021-12-30 13:40:00,30.56793
2021-12-30 14:00:00,31.18336999999999
2021-12-30 14:20:00,31.366059999999997
2021-12-30 14:40:00,29.895695
2021-12-30 15:00:00,30.726025
2021-12-30 15:20:00,31.559530000000002
2021-12-30 15:40:00,29.95643
2021-12-30 16:00:00,30.774738888888887
2021-12-30 16:20:00,30.3987
2021-12-30 16:40:00,29.269775
2021-12-30 17:00:00,29.740924999999997
2021-12-30 17:20:00,29.717314999999996
2021-12-30 17:40:00,27.633755
2021-12-30 18:00:00,27.081464999999998
2021-12-30 18:20:00,26.92496
2021-12-30 18:40:00,24.35557
2021-12-30 19:00:00,23.518478947368422
2021-12-30 19:20:00,22.942480000000003
2021-12-30 19:40:00,20.633249999999997
2021-12-30 20:00:00,19.152525
2021-12-30 20:20:00,18.078655
2021-12-30 20:40:00,16.20334
2021-12-30 21:00:00,14.076184999999999
2021-12-30 21:20:00,13.310255000000002
2021-12-30 21:40:00,12.672539999999998
2021-12-30 22:00:00,9.932910000000001
2021-12-30 22:20:00,9.593129999999999
2021-12-30 22:40:00,8.239565000000002
2021-12-30 23:00:00,7.794965
2021-12-30 23:20:00,6.46301
2021-12-30 23:40:00,5.611345
2021-12-31 00:00:00,7.19979
2021-12-31 00:20:00,8.69757
2021-12-31 00:40:00,7.565564999999999
2021-12-31 01:00:00,9.438790000000001
2021-12-31 01:20:00,20.987578947368423
2021-12-31 01:40:00,24.025305
2021-12-31 02:00:00,23.95136
2021-12-31 02:20:00,23.331285
2021-12-31 02:40:00,21.46832
2021-12-31 03:00:00,17.179305
2021-12-31 03:20:00,17.671664999999997
2021-12-31 03:40:00,14.183894999999998
2021-12-31 04:00:00,17.898414999999996
2021-12-31 04:20:00,28.37109
2021-12-31 04:40:00,27.954259999999998
2021-12-31 05:00:00,15.874530000000004
2021-12-31 05:20:00,13.810725
2021-12-31 05:40:00,11.353015000000001
2021-12-31 06:00:00,12.091394999999997
2021-12-31 06:20:00,13.054870000000003
2021-12-31 06:40:00,10.106935
2021-12-31 07:00:00,8.690755000000001
2021-12-31 07:20:00,9.364220000000001
2021-12-31 07:40:00,9.900535
2021-12-31 08:00:00,12.375463157894735
2021-12-31 08:20:00,13.90144
2021-12-31 08:40:00,17.555625
2021-12-31 09:00:00,23.32188
2021-12-31 09:20:00,23.255900000000004
2021-12-31 09:40:00,23.704765000000002
2021-12-31 10:00:00,26.939759999999996
2021-12-31 10:20:00,28.82976
2021-12-31 10:40:00,29.191935
2021-12-31 11:00:00,30.67896
2021-12-31 11:20:00,31.202130000000004
2021-12-31 11:40:00,30.951949999999993
2021-12-31 12:00:00,32.48375500000001
2021-12-31 12:20:00,32.62613
2021-12-31 12:40:00,31.408814999999997
2021-12-31 13:00:00,32.12649999999999
2021-12-31 13:20:00,32.0945
2021-12-31 13:40:00,30.46896
2021-12-31 14:00:00,30.546884999999996
2021-12-31 14:20:00,29.942504999999993
2021-12-31 14:40:00,27.94724
2021-12-31 15:00:00,27.997745000000002
2021-12-31 15:20:00,27.467245000000002
2021-12-31 15:40:00,25.31399
2021-12-31 16:00:00,25.049650000000003
2021-12-31 16:20:00,24.284659999999995
2021-12-31 16:40:00,22.076544999999992
2021-12-31 17:00:00,21.372659999999996
2021-12-31 17:20:00,20.70019
2021-12-31 17:40:00,18.24031
2021-12-31 18:00:00,17.283485
2021-12-31 18:20:00,16.560999999999996
2021-12-31 18:40:00,14.533115
2021-12-31 19:00:00,13.42543
2021-12-31 19:20:00,13.010170000000002
2021-12-31 19:40:00,11.44636842105263
2021-12-31 20:00:00,10.096430000000002
2021-12-31 20:20:00,10.222019999999999
2021-12-31 20:40:00,9.008505
2021-12-31 21:00:00,6.481790000000001
2021-12-31 21:20:00,6.508250000000001
2021-12-31 21:40:00,5.871975000000001
2021-12-31 22:00:00,4.046175
2021-12-31 22:20:00,4.9558599999999995
2021-12-31 22:40:00,3.6708850000000006
2021-12-31 23:00:00,6.026095
2021-12-31 23:20:00,3.031085
2021-12-31 23:40:00,2.90655
2022-01-01 00:00:00,5.047529999999999
2022-01-01 00:20:00,5.183969230769231
2022-01-01 00:40:00,6.757394117647059
2022-01-01 01:00:00,10.15229
2022-01-01 01:20:00,21.500944999999994
2022-01-01 01:40:00,23.692995
2022-01-01 02:00:00,23.455805000000005
2022-01-01 02:20:00,22.550445000000003
2022-01-01 02:40:00,21.66217
2022-01-01 03:00:00,19.609930000000002
2022-01-01 03:20:00,19.18094736842106
2022-01-01 03:40:00,13.525345000000002
2022-01-01 04:00:00,17.193905
2022-01-01 04:20:00,26.19485263157895
2022-01-01 04:40:00,26.58716
2022-01-01 05:00:00,13.748105
2022-01-01 05:20:00,10.817675
2022-01-01 05:40:00,9.720285
2022-01-01 06:00:00,8.623705000000001
2022-01-01 06:20:00,8.8299
2022-01-01 06:40:00,8.4336
2022-01-01 07:00:00,3.4339749999999993
2022-01-01 07:20:00,3.251715
2022-01-01 07:40:00,3.25388
2022-01-01 08:00:00,3.4311499999999997
2022-01-01 08:20:00,3.67542
2022-01-01 08:40:00,6.324255
2022-01-01 09:00:00,9.13755789473684
2022-01-01 09:20:00,7.356150000000001
2022-01-01 09:40:00,6.695215
2022-01-01 10:00:00,7.53634
2022-01-01 10:20:00,6.535055000000002
2022-01-01 10:40:00,6.320165000000001
2022-01-01 11:00:00,6.196515
2022-01-01 11:20:00,6.609375
2022-01-01 11:40:00,6.69738
2022-01-01 12:00:00,8.07847
2022-01-01 12:20:00,8.353130000000002
2022-01-01 12:40:00,8.454144999999999
2022-01-01 13:00:00,9.87681
2022-01-01 13:20:00,10.030245
2022-01-01 13:40:00,10.35198
2022-01-01 14:00:00,10.754450000000002
2022-01-01 14:20:00,10.951210000000001
2022-01-01 14:40:00,10.955085
2022-01-01 15:00:00,11.466469999999997
2022-01-01 15:20:00,11.505665000000002
2022-01-01 15:40:00,11.16611
2022-01-01 16:00:00,11.5582
2022-01-01 16:20:00,11.808285000000001
2022-01-01 16:40:00,11.25095
2022-01-01 17:00:00,11.698955000000002
2022-01-01 17:20:00,11.773375
2022-01-01 17:40:00,11.348734999999998
2022-01-01 18:00:00,11.209620000000001
2022-01-01 18:20:00,11.135199999999998
2022-01-01 18:40:00,10.37715
2022-01-01 19:00:00,10.284289999999999
2022-01-01 19:20:00,10.040405
2022-01-01 19:40:00,9.427175000000002
2022-01-01 20:00:00,9.075574999999997
2022-01-01 20:20:00,9.036359999999998
2022-01-01 20:40:00,8.200205263157894
2022-01-01 21:00:00,7.396535
2022-01-01 21:20:00,7.441439999999998
2022-01-01 21:40:00,7.29427
2022-01-01 22:00:00,6.23701
2022-01-01 22:20:00,6.28005
2022-01-01 22:40:00,5.378525000000001
2022-01-01 23:00:00,5.346589999999999
2022-01-01 23:20:00,5.208375
2022-01-01 23:40:00,4.697059999999999
2022-01-02 00:00:00,8.444440000000002
2022-01-02 00:20:00,6.014195
2022-01-02 00:40:00,6.919430000000001
2022-01-02 01:00:00,9.933855
2022-01-02 01:20:00,21.294575
2022-01-02 01:40:00,23.173655
2022-01-02 02:00:00,24.26641052631579
2022-01-02 02:20:00,23.23782
2022-01-02 02:40:00,22.128985
2022-01-02 03:00:00,21.221384210526317
2022-01-02 03:20:00,18.2728
2022-01-02 03:40:00,13.85239
2022-01-02 04:00:00,19.032535000000003
2022-01-02 04:20:00,26.368280000000006
2022-01-02 04:40:00,23.068545
2022-01-02 05:00:00,11.964085
2022-01-02 05:20:00,10.343200000000001
2022-01-02 05:40:00,9.53883
2022-01-02 06:00:00,9.912065000000002
2022-01-02 06:20:00,9.121694999999999
2022-01-02 06:40:00,9.60896
2022-01-02 07:00:00,8.356845000000002
2022-01-02 07:20:00,4.898214999999999
2022-01-02 07:40:00,4.9585799999999995
2022-01-02 08:00:00,5.805265
2022-01-02 08:20:00,6.449164999999999
2022-01-02 08:40:00,9.609194736842106
2022-01-02 09:00:00,12.910705000000002
2022-01-02 09:20:00,11.45036
2022-01-02 09:40:00,11.32737
2022-01-02 10:00:00,12.951768421052634
2022-01-02 10:20:00,13.139990000000001
2022-01-02 10:40:00,12.72539
2022-01-02 11:00:00,13.290244999999999
2022-01-02 11:20:00,13.99169
2022-01-02 11:40:00,14.244435000000001
2022-01-02 12:00:00,15.332175000000003
2022-01-02 12:20:00,16.181057894736842
2022-01-02 12:40:00,15.996559999999997
2022-01-02 13:00:00,16.968939999999996
2022-01-02 13:20:00,17.158075000000004
2022-01-02 13:40:00,17.014310000000002
2022-01-02 14:00:00,17.363435
2022-01-02 14:20:00,17.453795
2022-01-02 14:40:00,16.720124999999996
2022-01-02 15:00:00,17.307865
2022-01-02 15:20:00,17.218745000000002
2022-01-02 15:40:00,16.58856
2022-01-02 16:00:00,17.089965
2022-01-02 16:20:00,17.064355
2022-01-02 16:40:00,16.029919999999997
2022-01-02 17:00:00,16.366295
2022-01-02 17:20:00,16.003044999999997
2022-01-02 17:40:00,14.829529999999997
2022-01-02 18:00:00,14.9572
2022-01-02 18:20:00,14.49307
2022-01-02 18:40:00,13.397452631578949
2022-01-02 19:00:00,13.288345000000001
2022-01-02 19:20:00,13.203754999999997
2022-01-02 19:40:00,11.61046
2022-01-02 20:00:00,11.257290000000001
2022-01-02 20:20:00,11.223555000000001
2022-01-02 20:40:00,9.802005000000001
2022-01-02 21:00:00,8.940915
2022-01-02 21:20:00,8.904985
2022-01-02 21:40:00,7.721665
2022-01-02 22:00:00,6.082030000000001
2022-01-02 22:20:00,6.54389
2022-01-02 22:40:00,5.19371
2022-01-02 23:00:00,4.948445000000001
2022-01-02 23:20:00,3.6099550000000007
2022-01-02 23:40:00,3.5020350000000002
2022-01-03 00:00:00,4.726405
2022-01-03 00:20:00,5.857835
2022-01-03 00:40:00,7.0455749999999995
2022-01-03 01:00:00,10.576805263157896
2022-01-03 01:20:00,21.395010000000003
2022-01-03 01:40:00,23.106204999999996
2022-01-03 02:00:00,21.735259999999997
2022-01-03 02:20:00,23.01298
2022-01-03 02:40:00,21.23501578947368
2022-01-03 03:00:00,21.2399
2022-01-03 03:20:00,18.408979999999996
2022-01-03 03:40:00,15.962915
2022-01-03 04:00:00,16.403455
2022-01-03 04:20:00,25.78814
2022-01-03 04:40:00,22.565029999999997
2022-01-03 05:00:00,11.694064999999998
2022-01-03 05:20:00,10.99693
2022-01-03 05:40:00,10.3069
2022-01-03 06:00:00,10.471165
2022-01-03 06:20:00,10.733084999999999
2022-01-03 06:40:00,9.94465
2022-01-03 07:00:00,10.851965
2022-01-03 07:20:00,11.668764999999999
2022-01-03 07:40:00,6.0421949999999995
2022-01-03 08:00:00,7.221650000000001
2022-01-03 08:20:00,7.864435000000002
2022-01-03 08:40:00,10.669804999999998
2022-01-03 09:00:00,14.47475
2022-01-03 09:20:00,13.550164999999998
2022-01-03 09:40:00,13.20327
2022-01-03 10:00:00,14.784625
2022-01-03 10:20:00,16.04911578947368
2022-01-03 10:40:00,15.279095000000002
2022-01-03 11:00:00,15.90592
2022-01-03 11:20:00,16.588250000000002
2022-01-03 11:40:00,16.517955
2022-01-03 12:00:00,17.804475000000004
2022-01-03 12:20:00,18.38898
2022-01-03 12:40:00,18.128729999999997
2022-01-03 13:00:00,19.153035
2022-01-03 13:20:00,19.456915
2022-01-03 13:40:00,19.00362105263158
2022-01-03 14:00:00,19.27679
2022-01-03 14:20:00,19.36248
2022-01-03 14:40:00,18.339675000000003
2022-01-03 15:00:00,18.879089999999998
2022-01-03 15:20:00,19.18383
2022-01-03 15:40:00,18.00596
2022-01-03 16:00:00,18.539520000000003
2022-01-03 16:20:00,18.561950000000003
2022-01-03 16:40:00,17.250620000000005
2022-01-03 17:00:00,17.773085000000002
2022-01-03 17:20:00,17.466209999999997
2022-01-03 17:40:00,16.027724999999997
2022-01-03 18:00:00,16.11651
2022-01-03 18:20:00,15.933124999999999
2022-01-03 18:40:00,14.20582
2022-01-03 19:00:00,14.099773684210527
2022-01-03 19:20:00,14.170195000000001
2022-01-03 19:40:00,12.332435000000002
2022-01-03 20:00:00,11.914679999999999
2022-01-03 20:20:00,11.89162
2022-01-03 20:40:00,10.262094999999999
2022-01-03 21:00:00,9.320645
2022-01-03 21:20:00,9.136880000000001
2022-01-03 21:40:00,7.940140000000001
2022-01-03 22:00:00,6.093155
2022-01-03 22:20:00,6.72672
2022-01-03 22:40:00,5.211080000000001
2022-01-03 23:00:00,8.93578
2022-01-03 23:20:00,4.016145
2022-01-03 23:40:00,3.525914999999999
2022-01-04 00:00:00,5.34293
2022-01-04 00:20:00,6.083194999999999
2022-01-04 00:40:00,7.163789999999999
2022-01-04 01:00:00,9.94521
2022-01-04 01:20:00,21.538425000000004
2022-01-04 01:40:00,23.668740000000007
2022-01-04 02:00:00,23.667945
2022-01-04 02:20:00,23.568963157894736
2022-01-04 02:40:00,21.789195
2022-01-04 03:00:00,20.63849
2022-01-04 03:20:00,17.992250000000002
2022-01-04 03:40:00,14.39948
2022-01-04 04:00:00,18.53407
2022-01-04 04:20:00,27.09321999999999
2022-01-04 04:40:00,22.352905
2022-01-04 05:00:00,11.707450000000001
2022-01-04 05:20:00,10.541295000000002
2022-01-04 05:40:00,9.9361
2022-01-04 06:00:00,10.33581
2022-01-04 06:20:00,10.431700000000003
2022-01-04 06:40:00,10.560539999999998
2022-01-04 07:00:00,8.474580000000001
2022-01-04 07:20:00,6.22067
2022-01-04 07:40:00,6.2011400000000005
2022-01-04 08:00:00,7.564425
2022-01-04 08:20:00,8.317150000000002
2022-01-04 08:40:00,11.23297
2022-01-04 09:00:00,15.125965000000003
2022-01-04 09:20:00,13.544055
2022-01-04 09:40:00,13.90419
2022-01-04 10:00:00,15.529535
2022-01-04 10:20:00,15.951699999999999
2022-01-04 10:40:00,15.604452631578951
2022-01-04 11:00:00,15.982944999999997
2022-01-04 11:20:00,17.277895000000004
2022-01-04 11:40:00,17.112965
2022-01-04 12:00:00,18.500399999999996
2022-01-04 12:20:00,19.054719999999996
2022-01-04 12:40:00,18.675225
2022-01-04 13:00:00,19.682055
2022-01-04 13:20:00,19.966804999999997
2022-01-04 13:40:00,19.598895
2022-01-04 14:00:00,20.029964999999997
2022-01-04 14:20:00,20.134420000000002
2022-01-04 14:40:00,19.362775
2022-01-04 15:00:00,20.073235
2022-01-04 15:20:00,20.267129999999998
2022-01-04 15:40:00,19.096615
2022-01-04 16:00:00,19.596135
2022-01-04 16:20:00,19.655215000000002
2022-01-04 16:40:00,18.46393
2022-01-04 17:00:00,18.889334999999996
2022-01-04 17:20:00,18.705684210526318
2022-01-04 17:40:00,17.178650000000005
2022-01-04 18:00:00,17.021084999999996
2022-01-04 18:20:00,16.76997
2022-01-04 18:40:00,15.028675000000002
2022-01-04 19:00:00,14.852435
2022-01-04 19:20:00,14.556535
2022-01-04 19:40:00,12.771105000000002
2022-01-04 20:00:00,12.307294999999998
2022-01-04 20:20:00,12.427529999999999
2022-01-04 20:40:00,10.770309999999998
2022-01-04 21:00:00,9.859875
2022-01-04 21:20:00,9.820190000000002
2022-01-04 21:40:00,9.240749999999998
2022-01-04 22:00:00,7.745529999999998
2022-01-04 22:20:00,8.32287
2022-01-04 22:40:00,6.939114999999998
2022-01-04 23:00:00,6.426090000000002
2022-01-04 23:20:00,5.78027
2022-01-04 23:40:00,5.335175
2022-01-05 00:00:00,8.143424999999999
2022-01-05 00:20:00,6.81678
2022-01-05 00:40:00,6.775120000000001
2022-01-05 01:00:00,9.819847368421053
2022-01-05 01:20:00,22.232290000000003
2022-01-05 01:40:00,23.717660000000002
2022-01-05 02:00:00,23.38909
2022-01-05 02:20:00,23.417174999999997
2022-01-05 02:40:00,20.223415000000003
2022-01-05 03:00:00,17.312170000000002
2022-01-05 03:20:00,16.11029
2022-01-05 03:40:00,13.324534999999997
2022-01-05 04:00:00,19.344704999999998
2022-01-05 04:20:00,26.35188
2022-01-05 04:40:00,21.633809999999997
2022-01-05 05:00:00,10.275955
2022-01-05 05:20:00,10.05536
2022-01-05 05:40:00,5.455944999999999
2022-01-05 06:00:00,4.8528199999999995
2022-01-05 06:20:00,5.078715000000001
2022-01-05 06:40:00,5.056735
2022-01-05 07:00:00,5.651115
2022-01-05 07:20:00,6.191605
2022-01-05 07:40:00,6.336025000000001
2022-01-05 08:00:00,7.547626315789474
2022-01-05 08:20:00,8.487765
2022-01-05 08:40:00,11.528655000000002
2022-01-05 09:00:00,14.794889999999999
2022-01-05 09:20:00,13.043539999999998
2022-01-05 09:40:00,14.012880000000001
2022-01-05 10:00:00,15.78691
2022-01-05 10:20:00,16.143404999999998
2022-01-05 10:40:00,14.936434999999998
2022-01-05 11:00:00,16.532850000000003
2022-01-05 11:20:00,17.35953
2022-01-05 11:40:00,17.469595
2022-01-05 12:00:00,18.863805263157893
2022-01-05 12:20:00,19.233179999999997
2022-01-05 12:40:00,19.19625263157895
2022-01-05 13:00:00,20.14029
2022-01-05 13:20:00,20.379055
2022-01-05 13:40:00,19.933279999999996
2022-01-05 14:00:00,20.346920000000004
2022-01-05 14:20:00,20.438335000000002
2022-01-05 14:40:00,19.709564999999994
2022-01-05 15:00:00,20.124955
2022-01-05 15:20:00,20.307765
2022-01-05 15:40:00,19.062125
2022-01-05 16:00:00,19.607824999999995
2022-01-05 16:20:00,19.567870000000003
2022-01-05 16:40:00,18.37653
2022-01-05 17:00:00,18.81973
2022-01-05 17:20:00,18.73752
2022-01-05 17:40:00,17.139685000000007
2022-01-05 18:00:00,17.051924999999997
2022-01-05 18:20:00,16.81501
2022-01-05 18:40:00,15.15013
2022-01-05 19:00:00,14.798935
2022-01-05 19:20:00,14.893155000000002
2022-01-05 19:40:00,12.97181
2022-01-05 20:00:00,12.727389473684212
2022-01-05 20:20:00,12.6223
2022-01-05 20:40:00,11.068484999999999
2022-01-05 21:00:00,9.847785
2022-01-05 21:20:00,9.587815
2022-01-05 21:40:00,8.557974999999999
2022-01-05 22:00:00,6.523915
2022-01-05 22:20:00,7.149689999999998
2022-01-05 22:40:00,5.72223
2022-01-05 23:00:00,10.212380000000001
2022-01-05 23:20:00,5.235475
2022-01-05 23:40:00,3.6752700000000003
2022-01-06 00:00:00,4.9526200000000005
2022-01-06 00:20:00,5.715570000000001
2022-01-06 00:40:00,4.817505
2022-01-06 01:00:00,4.51243
2022-01-06 01:20:00,11.631385000000002
2022-01-06 01:40:00,11.282720000000001
2022-01-06 02:00:00,12.026870000000002
2022-01-06 02:20:00,12.030624999999999
2022-01-06 02:40:00,10.649875
2022-01-06 03:00:00,7.269590000000001
2022-01-06 03:20:00,5.028619999999999
2022-01-06 03:40:00,5.14944
2022-01-06 04:00:00,10.492005
2022-01-06 04:20:00,22.327659999999998
2022-01-06 04:40:00,27.46889
2022-01-06 05:00:00,26.53092
2022-01-06 05:20:00,26.493974999999995
2022-01-06 05:40:00,22.582385000000002
2022-01-06 06:00:00,19.605825
2022-01-06 06:20:00,19.685454999999997
2022-01-06 06:40:00,16.426421052631575
2022-01-06 07:00:00,15.253049999999996
2022-01-06 07:20:00,14.321640000000002
2022-01-06 07:40:00,13.634426315789478
2022-01-06 08:00:00,14.983920000000001
2022-01-06 08:20:00,14.375164999999999
2022-01-06 08:40:00,17.651509999999995
2022-01-06 09:00:00,20.589495
2022-01-06 09:20:00,19.812149999999995
2022-01-06 09:40:00,20.708789999999997
2022-01-06 10:00:00,16.70445
2022-01-06 10:20:00,16.119510000000002
2022-01-06 10:40:00,16.212489999999995
2022-01-06 11:00:00,17.75459
2022-01-06 11:20:00,18.92852
2022-01-06 11:40:00,19.023474999999998
2022-01-06 12:00:00,20.501595000000002
2022-01-06 12:20:00,20.464784210526318
2022-01-06 12:40:00,20.177954999999997
2022-01-06 13:00:00,21.224390000000003
2022-01-06 13:20:00,21.573985000000004
2022-01-06 13:40:00,21.02892
2022-01-06 14:00:00,21.513195
2022-01-06 14:20:00,21.704649999999994
2022-01-06 14:40:00,20.601755
2022-01-06 15:00:00,21.176244999999998
2022-01-06 15:20:00,21.164825000000004
2022-01-06 15:40:00,20.16943
2022-01-06 16:00:00,20.507505263157885
2022-01-06 16:20:00,20.755914999999995
2022-01-06 16:40:00,19.401199999999996
2022-01-06 17:00:00,19.558325000000004
2022-01-06 17:20:00,19.57646
2022-01-06 17:40:00,17.965915
2022-01-06 18:00:00,17.752525
2022-01-06 18:20:00,17.54093
2022-01-06 18:40:00,15.906265
2022-01-06 19:00:00,15.696064999999995
2022-01-06 19:20:00,15.77452
2022-01-06 19:40:00,13.724000000000002
2022-01-06 20:00:00,13.228975
2022-01-06 20:20:00,13.082779999999996
2022-01-06 20:40:00,11.496854999999996
2022-01-06 21:00:00,10.203010000000003
2022-01-06 21:20:00,10.160789999999999
2022-01-06 21:40:00,9.705824999999999
2022-01-06 22:00:00,7.656130000000002
2022-01-06 22:20:00,8.10685
2022-01-06 22:40:00,6.8412500000000005
2022-01-06 23:00:00,5.884835
2022-01-06 23:20:00,4.980124999999999
2022-01-06 23:40:00,5.3802650000000005
2022-01-07 00:00:00,8.269525000000002
2022-01-07 00:20:00,6.696375000000001
2022-01-07 00:40:00,7.538760000000001
2022-01-07 01:00:00,9.883473684210527
2022-01-07 01:20:00,22.441995
2022-01-07 01:40:00,23.64477894736842
2022-01-07 02:00:00,23.849854999999998
2022-01-07 02:20:00,23.071685
2022-01-07 02:40:00,17.899340000000002
2022-01-07 03:00:00,14.440125
2022-01-07 03:20:00,14.78752
2022-01-07 03:40:00,13.727474999999998
2022-01-07 04:00:00,19.401989999999998
2022-01-07 04:20:00,25.381975000000004
2022-01-07 04:40:00,21.515280000000004
2022-01-07 05:00:00,10.57854
2022-01-07 05:20:00,9.23302
2022-01-07 05:40:00,9.521325000000001
2022-01-07 06:00:00,5.957100000000001
2022-01-07 06:20:00,4.68384
2022-01-07 06:40:00,4.8094399999999995
2022-01-07 07:00:00,5.1738
2022-01-07 07:20:00,5.844029999999999
2022-01-07 07:40:00,6.076200000000001
2022-01-07 08:00:00,7.114355000000001
2022-01-07 08:20:00,7.647404999999999
2022-01-07 08:40:00,10.448700000000002
2022-01-07 09:00:00,14.111925000000003
2022-01-07 09:20:00,13.483285
2022-01-07 09:40:00,12.90333
2022-01-07 10:00:00,14.412495000000002
2022-01-07 10:20:00,15.282665
2022-01-07 10:40:00,14.875350000000001
2022-01-07 11:00:00,15.678854999999999
2022-01-07 11:20:00,15.491445000000002
2022-01-07 11:40:00,16.084419999999998
2022-01-07 12:00:00,17.204394999999998
2022-01-07 12:20:00,17.660999999999998
2022-01-07 12:40:00,17.71643157894737
2022-01-07 13:00:00,18.724349999999998
2022-01-07 13:20:00,18.920315
2022-01-07 13:40:00,18.80657
2022-01-07 14:00:00,18.93071
2022-01-07 14:20:00,19.073969999999996
2022-01-07 14:40:00,18.290074999999998
2022-01-07 15:00:00,18.81401
2022-01-07 15:20:00,18.717655
2022-01-07 15:40:00,17.855355
2022-01-07 16:00:00,18.232635000000005
2022-01-07 16:20:00,18.209590000000002
2022-01-07 16:40:00,17.211515
2022-01-07 17:00:00,17.61723
2022-01-07 17:20:00,17.447624999999995
2022-01-07 17:40:00,16.253245
2022-01-07 18:00:00,16.242565000000003
2022-01-07 18:20:00,15.802450000000002
2022-01-07 18:40:00,14.478785000000002
2022-01-07 19:00:00,14.28235
2022-01-07 19:20:00,14.076236842105265
2022-01-07 19:40:00,12.727670000000002
2022-01-07 20:00:00,12.308989999999998
2022-01-07 20:20:00,12.171240000000001
2022-01-07 20:40:00,10.657879999999999
2022-01-07 21:00:00,9.578015000000002
2022-01-07 21:20:00,9.588140000000003
2022-01-07 21:40:00,8.50225
2022-01-07 22:00:00,6.465204999999999
2022-01-07 22:20:00,7.023574999999999
2022-01-07 22:40:00,5.784994999999999
2022-01-07 23:00:00,6.928955
2022-01-07 23:20:00,3.854630000000001
2022-01-07 23:40:00,3.718324999999999
2022-01-08 00:00:00,4.5407649999999995
2022-01-08 00:20:00,6.013934999999999
2022-01-08 00:40:00,7.202450000000001
2022-01-08 01:00:00,10.12377
2022-01-08 01:20:00,22.20121052631579
2022-01-08 01:40:00,23.31225
2022-01-08 02:00:00,22.09667
2022-01-08 02:20:00,22.162969999999994
2022-01-08 02:40:00,19.132255000000004
2022-01-08 03:00:00,16.090535
2022-01-08 03:20:00,14.478565000000003
2022-01-08 03:40:00,12.664875000000002
2022-01-08 04:00:00,19.668434999999995
2022-01-08 04:20:00,26.32004
2022-01-08 04:40:00,21.015084999999996
2022-01-08 05:00:00,10.675985
2022-01-08 05:20:00,9.386165000000002
2022-01-08 05:40:00,9.512725
2022-01-08 06:00:00,9.136594999999998
2022-01-08 06:20:00,4.949039999999998
2022-01-08 06:40:00,4.947242105263158
2022-01-08 07:00:00,5.599505
2022-01-08 07:20:00,6.026716666666666
2022-01-08 07:40:00,6.2843599999999995
2022-01-08 08:00:00,7.52717
2022-01-08 08:20:00,8.156975
2022-01-08 08:40:00,11.008304999999998
2022-01-08 09:00:00,15.10021
2022-01-08 09:20:00,13.072205
2022-01-08 09:40:00,13.795775
2022-01-08 10:00:00,15.670115000000004
2022-01-08 10:20:00,15.97321
2022-01-08 10:40:00,14.950120000000002
2022-01-08 11:00:00,16.19631
2022-01-08 11:20:00,17.0118
2022-01-08 11:40:00,17.253664999999994
2022-01-08 12:00:00,18.636695
2022-01-08 12:20:00,18.97024
2022-01-08 12:40:00,18.726194999999997
2022-01-08 13:00:00,19.648775
2022-01-08 13:20:00,19.888273684210525
2022-01-08 13:40:00,19.577734999999997
2022-01-08 14:00:00,19.947955
2022-01-08 14:20:00,20.029854999999998
2022-01-08 14:40:00,19.145310000000002
2022-01-08 15:00:00,19.698005000000002
2022-01-08 15:20:00,19.57078
2022-01-08 15:40:00,18.646565000000002
2022-01-08 16:00:00,19.207964999999994
2022-01-08 16:20:00,19.074895
2022-01-08 16:40:00,17.94095
2022-01-08 17:00:00,18.164885
2022-01-08 17:20:00,18.107485000000004
2022-01-08 17:40:00,16.720085000000005
2022-01-08 18:00:00,16.759684999999998
2022-01-08 18:20:00,16.562399999999997
2022-01-08 18:40:00,14.953479999999999
2022-01-08 19:00:00,14.945804999999996
2022-01-08 19:20:00,14.827645
2022-01-08 19:40:00,12.993125000000001
2022-01-08 20:00:00,12.454575000000002
2022-01-08 20:20:00,12.518800000000002
2022-01-08 20:40:00,10.886025
2022-01-08 21:00:00,9.87532
2022-01-08 21:20:00,9.71929
2022-01-08 21:40:00,9.174859999999999
2022-01-08 22:00:00,7.332035
2022-01-08 22:20:00,7.954515000000001
2022-01-08 22:40:00,6.449215
2022-01-08 23:00:00,5.510725
2022-01-08 23:20:00,4.966675
2022-01-08 23:40:00,5.151095
2022-01-09 00:00:00,7.926995
2022-01-09 00:20:00,6.805725
2022-01-09 00:40:00,7.175636842105263
2022-01-09 01:00:00,9.235940000000001
2022-01-09 01:20:00,21.813005
2022-01-09 01:40:00,23.72408
2022-01-09 02:00:00,23.813145
2022-01-09 02:20:00,22.655505000000005
2022-01-09 02:40:00,20.452679999999997
2022-01-09 03:00:00,16.596170000000004
2022-01-09 03:20:00,15.01627
2022-01-09 03:40:00,14.23791
2022-01-09 04:00:00,18.393639999999998
2022-01-09 04:20:00,26.327169999999995
2022-01-09 04:40:00,20.473045000000003
2022-01-09 05:00:00,10.616579999999999
2022-01-09 05:20:00,9.3047
2022-01-09 05:40:00,9.017725
2022-01-09 06:00:00,9.744679999999997
2022-01-09 06:20:00,4.634770000000001
2022-01-09 06:40:00,4.60568
2022-01-09 07:00:00,5.082468421052631
2022-01-09 07:20:00,5.572075000000002
2022-01-09 07:40:00,5.687095000000001
2022-01-09 08:00:00,6.7422699999999995
2022-01-09 08:20:00,7.428919999999998
2022-01-09 08:40:00,10.246120000000001
2022-01-09 09:00:00,14.056545
2022-01-09 09:20:00,11.931189999999999
2022-01-09 09:40:00,12.608005
2022-01-09 10:00:00,14.273120000000006
2022-01-09 10:20:00,14.512065000000003
2022-01-09 10:40:00,13.746249999999998
2022-01-09 11:00:00,14.832024999999998
2022-01-09 11:20:00,15.865349999999996
2022-01-09 11:40:00,16.15681052631579
2022-01-09 12:00:00,17.37136
2022-01-09 12:20:00,18.114855
2022-01-09 12:40:00,17.929278947368424
2022-01-09 13:00:00,18.955185
2022-01-09 13:20:00,19.105814999999996
2022-01-09 13:40:00,18.77733
2022-01-09 14:00:00,19.389140000000005
2022-01-09 14:20:00,19.31595
2022-01-09 14:40:00,18.468235
2022-01-09 15:00:00,19.099539999999998
2022-01-09 15:20:00,19.143349999999998
2022-01-09 15:40:00,18.314380000000003
2022-01-09 16:00:00,18.983005
2022-01-09 16:20:00,18.66932
2022-01-09 16:40:00,17.463524999999997
2022-01-09 17:00:00,17.895834999999998
2022-01-09 17:20:00,17.620459999999998
2022-01-09 17:40:00,16.241788888888887
2022-01-09 18:00:00,16.143445000000003
2022-01-09 18:20:00,16.293979999999998
2022-01-09 18:40:00,14.31684
2022-01-09 19:00:00,13.984814999999998
2022-01-09 19:20:00,13.712594999999999
2022-01-09 19:40:00,11.859600000000002
2022-01-09 20:00:00,11.443715789473684
2022-01-09 20:20:00,11.210835
2022-01-09 20:40:00,9.677145
2022-01-09 21:00:00,8.762295
2022-01-09 21:20:00,8.65474
2022-01-09 21:40:00,7.393310000000001
2022-01-09 22:00:00,5.913415789473684
2022-01-09 22:20:00,6.3083100000000005
2022-01-09 22:40:00,4.973095
2022-01-09 23:00:00,4.907394999999999
2022-01-09 23:20:00,3.50837
2022-01-09 23:40:00,3.27018
2022-01-10 00:00:00,5.3254
2022-01-10 00:20:00,5.833
2022-01-10 00:40:00,7.143400000000002
2022-01-10 01:00:00,10.267465
2022-01-10 01:20:00,22.671899999999997
2022-01-10 01:40:00,23.742390000000004
2022-01-10 02:00:00,23.030130000000003
2022-01-10 02:20:00,21.197215000000003
2022-01-10 02:40:00,17.674239999999994
2022-01-10 03:00:00,17.197544999999998
2022-01-10 03:20:00,18.497630000000004
2022-01-10 03:40:00,14.29973
2022-01-10 04:00:00,20.681905000000004
2022-01-10 04:20:00,27.47973
2022-01-10 04:40:00,20.993509999999997
2022-01-10 05:00:00,11.654315
2022-01-10 05:20:00,10.379294736842105
2022-01-10 05:40:00,10.054860000000001
2022-01-10 06:00:00,11.408534999999997
2022-01-10 06:20:00,8.556494999999998
2022-01-10 06:40:00,6.164305
2022-01-10 07:00:00,7.31392
2022-01-10 07:20:00,7.859545
2022-01-10 07:40:00,8.264173684210528
2022-01-10 08:00:00,10.645880000000002
2022-01-10 08:20:00,11.782274999999997
2022-01-10 08:40:00,14.37158
2022-01-10 09:00:00,18.013084999999997
2022-01-10 09:20:00,16.189135
2022-01-10 09:40:00,16.102490000000003
2022-01-10 10:00:00,18.11895
2022-01-10 10:20:00,18.130499999999998
2022-01-10 10:40:00,16.579045
2022-01-10 11:00:00,17.482734999999998
2022-01-10 11:20:00,18.048645
2022-01-10 11:40:00,17.70055
2022-01-10 12:00:00,19.695075000000003
2022-01-10 12:20:00,20.061929999999997
2022-01-10 12:40:00,19.30995
2022-01-10 13:00:00,20.434545
2022-01-10 13:20:00,20.85434
2022-01-10 13:40:00,19.529715000000003
2022-01-10 14:00:00,20.00777
2022-01-10 14:20:00,20.097487500000003
2022-01-10 14:40:00,18.964455555555556
2022-01-10 15:00:00,20.172694999999997
2022-01-10 15:20:00,20.764004999999997
2022-01-10 15:40:00,19.852665
2022-01-10 16:00:00,21.03664
2022-01-10 16:20:00,21.437675
2022-01-10 16:40:00,20.435545
2022-01-10 17:00:00,21.848972222222223
2022-01-10 17:20:00,22.602881250000003
2022-01-10 17:40:00,20.97688
2022-01-10 18:00:00,21.257805000000005
2022-01-10 18:20:00,20.97461052631579
2022-01-10 18:40:00,18.34077
2022-01-10 19:00:00,17.719504999999998
2022-01-10 19:20:00,17.324535
2022-01-10 19:40:00,14.529464999999998
2022-01-10 20:00:00,13.756639999999999
2022-01-10 20:20:00,13.012669999999996
2022-01-10 20:40:00,11.021445000000003
2022-01-10 21:00:00,9.91251111111111
2022-01-10 21:20:00,9.558922222222225
2022-01-10 21:40:00,8.19926923076923
2022-01-10 22:00:00,6.134255
2022-01-10 22:20:00,6.653305555555554
2022-01-10 22:40:00,5.57503
2022-01-10 23:00:00,8.687425
2022-01-10 23:20:00,4.169858333333333
2022-01-10 23:40:00,3.330814285714286
2022-01-11 00:00:00,4.825563157894736
2022-01-11 00:20:00,5.036184615384615
2022-01-11 00:40:00,3.581841666666667
2022-01-11 01:00:00,3.455412499999999
2022-01-11 01:20:00,2.5742500000000006
2022-01-11 01:40:00,
2022-01-11 02:00:00,6.3025
2022-01-11 02:20:00,1.5394611111111112
2022-01-11 02:40:00,2.979058333333333
2022-01-11 03:00:00,2.23601
2022-01-11 03:20:00,3.737965
2022-01-11 03:40:00,10.113574999999999
2022-01-11 04:00:00,22.69558
2022-01-11 04:20:00,36.026483333333346
2022-01-11 04:40:00,35.257225
2022-01-11 05:00:00,23.458975
2022-01-11 05:20:00,20.70364
2022-01-11 05:40:00,20.197710000000004
2022-01-11 06:00:00,17.77292
2022-01-11 06:20:00,14.20647368421052
2022-01-11 06:40:00,13.12446923076923
2022-01-11 07:00:00,14.024825000000002
2022-01-11 07:20:00,13.652090000000001
2022-01-11 07:40:00,13.975116666666667
2022-01-11 08:00:00,17.047964999999998
2022-01-11 08:20:00,17.412125
2022-01-11 08:40:00,20.28454375
2022-01-11 09:00:00,21.99279
2022-01-11 09:20:00,16.730170000000005
2022-01-11 09:40:00,16.45257
2022-01-11 10:00:00,18.068435
2022-01-11 10:20:00,18.1945
2022-01-11 10:40:00,16.507953333333333
2022-01-11 11:00:00,17.70063
2022-01-11 11:20:00,18.204044999999997
2022-01-11 11:40:00,18.17715
2022-01-11 12:00:00,20.02503157894737
2022-01-11 12:20:00,20.406599999999997
2022-01-11 12:40:00,19.667125
2022-01-11 13:00:00,20.955085000000004
2022-01-11 13:20:00,20.8092
2022-01-11 13:40:00,19.720935
2022-01-11 14:00:00,20.136765000000004
2022-01-11 14:20:00,19.864784999999994
2022-01-11 14:40:00,19.151619999999998
2022-01-11 15:00:00,20.13074210526316
2022-01-11 15:20:00,20.733664999999995
2022-01-11 15:40:00,19.603055
2022-01-11 16:00:00,20.849539999999998
2022-01-11 16:20:00,21.172644999999996
2022-01-11 16:40:00,20.292930000000002
2022-01-11 17:00:00,21.7245
2022-01-11 17:20:00,22.705378947368416
2022-01-11 17:40:00,20.60594117647059
2022-01-11 18:00:00,20.753935
2022-01-11 18:20:00,20.46594
2022-01-11 18:40:00,18.08749
2022-01-11 19:00:00,17.497165
2022-01-11 19:20:00,16.82466
2022-01-11 19:40:00,14.065304999999999
2022-01-11 20:00:00,13.214659999999999
2022-01-11 20:20:00,12.74601
2022-01-11 20:40:00,10.677064999999999
2022-01-11 21:00:00,9.376154999999999
2022-01-11 21:20:00,8.953199999999999
2022-01-11 21:40:00,8.457845
2022-01-11 22:00:00,7.175220000000001
2022-01-11 22:20:00,7.247635000000001
2022-01-11 22:40:00,6.272436842105262
2022-01-11 23:00:00,5.754949999999999
2022-01-11 23:20:00,5.30595
2022-01-11 23:40:00,4.736880000000002
2022-01-12 00:00:00,7.8911299999999995
2022-01-12 00:20:00,6.172555
2022-01-12 00:40:00,6.965694999999999
2022-01-12 01:00:00,9.67383
2022-01-12 01:20:00,21.964709999999993
2022-01-12 01:40:00,23.76563157894737
2022-01-12 02:00:00,23.86826
2022-01-12 02:20:00,22.924870000000002
2022-01-12 02:40:00,20.524610000000003
2022-01-12 03:00:00,18.963025
2022-01-12 03:20:00,17.273895000000003
2022-01-12 03:40:00,12.926295
2022-01-12 04:00:00,19.619255000000003
2022-01-12 04:20:00,27.02174
2022-01-12 04:40:00,22.466974999999998
2022-01-12 05:00:00,11.585735000000001
2022-01-12 05:20:00,10.818365
2022-01-12 05:40:00,10.001665
2022-01-12 06:00:00,11.300939999999997
2022-01-12 06:20:00,11.797405000000001
2022-01-12 06:40:00,6.135035
2022-01-12 07:00:00,7.285680000000001
2022-01-12 07:20:00,7.887524999999999
2022-01-12 07:40:00,8.222173684210528
2022-01-12 08:00:00,10.603420000000002
2022-01-12 08:20:00,11.520140000000001
2022-01-12 08:40:00,14.21403
2022-01-12 09:00:00,17.906385000000004
2022-01-12 09:20:00,16.32557
2022-01-12 09:40:00,16.18182
2022-01-12 10:00:00,17.875420000000002
2022-01-12 10:20:00,18.14565
2022-01-12 10:40:00,16.58018
2022-01-12 11:00:00,17.49877368421053
2022-01-12 11:20:00,18.135510000000004
2022-01-12 11:40:00,17.9943
2022-01-12 12:00:00,19.703595
2022-01-12 12:20:00,20.64754
2022-01-12 12:40:00,19.806555
2022-01-12 13:00:00,20.86162
2022-01-12 13:20:00,21.207979999999996
